Incident ID,Stolen,Type,index
268282, Unknown, Handgun,0.0
282186, Unknown, 38 Spl,0.0
266570, Unknown, Unknown,0.0
266407, Unknown, Unknown,0.0
264901, Unknown, Handgun,0.0
263556, Unknown, 40 SW,0.0
262202, Unknown, Unknown,0.0
259935, Unknown, Unknown,0.0
472268, Unknown, Unknown,0.0
469468, Unknown, Handgun,0.0
469614, Unknown, Unknown,0.0
464665, Unknown, Handgun,0.0
465117, Unknown, 380 Auto,0.0
456893, Not-stolen, 9mm,0.0
455394, Unknown, Unknown,0.0
454059, Unknown, 7.62 [AK-47],0.0
454788, Unknown, Unknown,0.0
740447, Unknown, Unknown,0.0
738749, Unknown, Unknown,0.0
738041, Unknown, Unknown,0.0
738576, Unknown, Unknown,0.0
736690, Unknown, Unknown,0.0
734157, Unknown, Unknown,0.0
735947, Unknown, Unknown,0.0
733599, Unknown, Handgun,0.0
732927, Unknown, Handgun,0.0
733176, Unknown, Unknown,0.0
732263, Unknown, Handgun,0.0
732574, Unknown, Unknown,0.0
727759, Unknown, Unknown,0.0
728286, Unknown, Unknown,0.0
727555, Unknown, Unknown,0.0
727544, Unknown, Unknown,0.0
724667, Unknown, Unknown,0.0
723649, Unknown, Unknown,0.0
723643, Unknown, Unknown,0.0
723292, Unknown, Unknown,0.0
725338, Unknown, Unknown,0.0
725323, Unknown, Unknown,0.0
722452, Unknown, Unknown,0.0
719128, Unknown, Unknown,0.0
717873, Unknown, Rifle,0.0
1017372, Unknown, Unknown,0.0
1017422, Unknown, Unknown,0.0
1018118, Unknown, 7.62 [AK-47],0.0
1015666, Unknown, Unknown,0.0
1015336, Unknown, Unknown,0.0
1013983, Unknown, Unknown,0.0
1014052, Unknown, Handgun,0.0
1014971, Unknown, Unknown,0.0
1013377, Unknown, Unknown,0.0
1011953, Unknown, Unknown,0.0
1012704, Unknown, Unknown,0.0
1009629, Unknown, Unknown,0.0
1008310, Unknown, Rifle,0.0
1007054, Unknown, Unknown,0.0
1006150, Unknown, Unknown,0.0
1006446, Unknown, Unknown,0.0
1004454, Unknown, Unknown,0.0
1002514, Unknown, Unknown,0.0
1001566, Unknown, Unknown,0.0
1000479, Unknown, Unknown,0.0
999969, Unknown, Unknown,0.0
998843, Unknown, Unknown,0.0
994323, Unknown, Unknown,0.0
995015, Unknown, Unknown,0.0
991017, Unknown, Unknown,0.0
1289686, Unknown, Unknown,0.0
1288376, Unknown, Unknown,0.0
1287286, Unknown, Unknown,0.0
1284586, Unknown, Unknown,0.0
1283229, Unknown, Unknown,0.0
1282704, Unknown, Unknown,0.0
1279617, Unknown, Handgun,0.0
1277327, Unknown, Unknown,0.0
1277411, Unknown, Unknown,0.0
1276091, Unknown, Unknown,0.0
1276298, Unknown, Unknown,0.0
1272855, Unknown, Unknown,0.0
1273161, Unknown, Unknown,0.0
1272106, Unknown, Unknown,0.0
1267682, Unknown, Unknown,0.0
1266937, Unknown, Unknown,0.0
1262814, Unknown, Unknown,0.0
1263332, Unknown, Unknown,0.0
1263086, Unknown, Unknown,0.0
1262013, Unknown, Unknown,0.0
1261351, Unknown, Unknown,0.0
1260525, Unknown, Unknown,0.0
1258777, Unknown, Unknown,0.0
1258804, Unknown, Unknown,0.0
1258009, Unknown, Unknown,0.0
1558067, Unknown, Unknown,0.0
1556633, Unknown, Unknown,0.0
1556984, Unknown, Unknown,0.0
1557006, Unknown, Unknown,0.0
1556002, Unknown, Unknown,0.0
1555879, Unknown, Unknown,0.0
1554807, Unknown, Unknown,0.0
1555135, Unknown, Unknown,0.0
1554446, Unknown, Unknown,0.0
1552068, Unknown, Unknown,0.0
1551531, Unknown, Handgun,0.0
1551162, Unknown, Unknown,0.0
1550546, Unknown, Handgun,0.0
1548689, Unknown, 45 Auto,0.0
1547021, Unknown, Unknown,0.0
1546102, Unknown, Unknown,0.0
1546038, Unknown, Unknown,0.0
1546155, Unknown, Unknown,0.0
1545955, Unknown, Unknown,0.0
1546508, Unknown, Unknown,0.0
1545027, Unknown, Unknown,0.0
1543835, Unknown, Unknown,0.0
1541774, Unknown, Unknown,0.0
1540863, Unknown, Unknown,0.0
1540841, Unknown, 22 LR,0.0
1555887, Unknown, Unknown,0.0
1556439, Unknown, Unknown,0.0
1554251, Unknown, Handgun,0.0
1553904, Unknown, Unknown,0.0
1550546, Unknown, Handgun,0.0
1551098, Unknown, 40 SW,0.0
1550254, Unknown, Unknown,0.0
1550099, Unknown, Unknown,0.0
1550315, Unknown, 9mm,0.0
1546480, Unknown, Handgun,0.0
1540873, Unknown, Unknown,0.0
1539761, Unknown, Handgun,0.0
1537992, Unknown, Shotgun,0.0
1537557, Unknown, Handgun,0.0
1535141, Unknown, Unknown,0.0
1533610, Unknown, Unknown,0.0
1532178, Unknown, Handgun,0.0
1530852, Unknown, 7.62 [AK-47],0.0
1528713, Unknown, 380 Auto,0.0
1527768, Unknown, Unknown,0.0
1527013, Unknown, Unknown,0.0
1521226, Unknown, Unknown,0.0
1520107, Unknown, Unknown,0.0
1521125, Unknown, Unknown,0.0
1519891, Unknown, Rifle,0.0
1520071, Unknown, Unknown,0.0
1515862, Unknown, Unknown,0.0
1514812, Unknown, Unknown,0.0
1511907, Unknown, Unknown,0.0
1511209, Unknown, Unknown,0.0
1509846, Unknown, Handgun,0.0
1511761, Unknown, Unknown,0.0
1510707, Unknown, Unknown,0.0
1504579, Unknown, 22 LR,0.0
1504619, Unknown, Unknown,0.0
1504561, Unknown, 9mm,0.0
1502475, Unknown, 40 SW,0.0
1499195, Unknown, 357 Mag,0.0
1499300, Unknown, Unknown,0.0
1498337, Unknown, Unknown,0.0
1497702, Unknown, Unknown,0.0
1495192, Unknown, 9mm,0.0
1495103, Unknown, Unknown,0.0
1494464, Unknown, Unknown,0.0
1491675, Unknown, Unknown,0.0
1491344, Unknown, Unknown,0.0
1489161, Unknown, 30-30 Win,0.0
1488198, Unknown, Unknown,0.0
1487202, Unknown, Unknown,0.0
1487162, Unknown, Unknown,0.0
1487550, Unknown, Unknown,0.0
1486675, Unknown, Unknown,0.0
1483899, Unknown, 9mm,0.0
1485122, Unknown, Unknown,0.0
1482830, Unknown, Unknown,0.0
1482469, Unknown, Unknown,0.0
1481415, Unknown, Unknown,0.0
1479992, Unknown, Unknown,0.0
1480930, Unknown, Unknown,0.0
1479182, Unknown, Unknown,0.0
1477014, Unknown, Unknown,0.0
1476322, Unknown, Unknown,0.0
1477629, Unknown, Handgun,0.0
1474760, Unknown, Unknown,0.0
1466848, Unknown, Unknown,0.0
1465898, Unknown, Unknown,0.0
1465536, Unknown, 357 Mag,0.0
1464941, Unknown, Rifle,0.0
1462854, Unknown, Unknown,0.0
1461837, Unknown, Unknown,0.0
1460448, Unknown, 7.62 [AK-47],0.0
1461352, Unknown, Unknown,0.0
1461110, Unknown, Unknown,0.0
1457725, Unknown, Unknown,0.0
1452782, Unknown, Unknown,0.0
1452378, Unknown, Unknown,0.0
1451573, Unknown, 9mm,0.0
1450611, Unknown, 22 LR,0.0
1446631, Unknown, Unknown,0.0
1442623, Unknown, Unknown,0.0
1441026, Unknown, 38 Spl,0.0
1438084, Unknown, Unknown,0.0
1437767, Unknown, Unknown,0.0
1437037, Unknown, Unknown,0.0
1434639, Unknown, Unknown,0.0
1433062, Unknown, Unknown,0.0
1430164, Unknown, Unknown,0.0
1429887, Unknown, Unknown,0.0
1429333, Unknown, Unknown,0.0
1429406, Unknown, Unknown,0.0
1428280, Unknown, Unknown,0.0
1427218, Unknown, Unknown,0.0
1429770, Unknown, Unknown,0.0
1424941, Unknown, Unknown,0.0
1424395, Unknown, Unknown,0.0
1428080, Unknown, Unknown,0.0
1423015, Unknown, Unknown,0.0
1420962, Unknown, 7.62 [AK-47],0.0
1421241, Stolen, Handgun,0.0
1419431, Unknown, Unknown,0.0
1418854, Unknown, Unknown,0.0
1419519, Unknown, Unknown,0.0
1418610, Unknown, Unknown,0.0
1418340, Unknown, Rifle,0.0
1418818, Unknown, Unknown,0.0
1415239, Unknown, Unknown,0.0
1416009, Unknown, Unknown,0.0
1412997, Unknown, Unknown,0.0
1408655, Unknown, Unknown,0.0
1517831, Unknown, 380 Auto,0.0
1405954, Unknown, Unknown,0.0
1405012, Unknown, Unknown,0.0
1403376, Unknown, Unknown,0.0
1398159, Unknown, Unknown,0.0
1398823, Unknown, Unknown,0.0
1398153, Unknown, Unknown,0.0
1398927, Unknown, Unknown,0.0
1395167, Unknown, Unknown,0.0
1394309, Unknown, Unknown,0.0
1393162, Unknown, Unknown,0.0
1395097, Unknown, Handgun,0.0
1386607, Unknown, Unknown,0.0
1385486, Unknown, Unknown,0.0
1385188, Unknown, Unknown,0.0
1384726, Unknown, Unknown,0.0
1377915, Unknown, Unknown,0.0
1376917, Unknown, Unknown,0.0
1376768, Unknown, Unknown,0.0
1373896, Unknown, Unknown,0.0
1370128, Unknown, 223 Rem [AR-15],0.0
1369988, Unknown, Unknown,0.0
1369148, Unknown, 223 Rem [AR-15],0.0
1367053, Unknown, Unknown,0.0
1366615, Unknown, Handgun,0.0
1365164, Unknown, Unknown,0.0
1363489, Unknown, Unknown,0.0
1362523, Unknown, Unknown,0.0
1359745, Unknown, Unknown,0.0
1354417, Unknown, Unknown,0.0
1353341, Unknown, Unknown,0.0
1354026, Unknown, Unknown,0.0
1351167, Unknown, Unknown,0.0
1351258, Unknown, Unknown,0.0
1348185, Unknown, Unknown,0.0
1348665, Unknown, Unknown,0.0
1340200, Unknown, Shotgun,0.0
1336802, Unknown, Unknown,0.0
1333774, Unknown, Unknown,0.0
1333259, Unknown, Unknown,0.0
1329640, Unknown, 308 Win,0.0
1326968, Unknown, Unknown,0.0
1326667, Unknown, Unknown,0.0
1324279, Unknown, Unknown,0.0
1323697, Unknown, Unknown,0.0
1323022, Unknown, Handgun,0.0
1318461, Unknown, 22 LR,0.0
1317385, Unknown, Unknown,0.0
1313540, Unknown, Unknown,0.0
1310267, Unknown, Unknown,0.0
1307368, Unknown, 410 gauge,0.0
1308241, Unknown, Unknown,0.0
1308718, Unknown, Unknown,0.0
1311385, Unknown, Unknown,0.0
1304947, Unknown, Unknown,0.0
1302992, Unknown, Unknown,0.0
1301688, Unknown, Unknown,0.0
1299668, Unknown, Unknown,0.0
1298558, Unknown, Unknown,0.0
1298774, Unknown, 22 LR,0.0
1298089, Unknown, Unknown,0.0
1297249, Unknown, Unknown,0.0
1294018, Unknown, Handgun,0.0
1288201, Unknown, 9mm,0.0
1289168, Unknown, Unknown,0.0
1287286, Unknown, Unknown,0.0
1285972, Unknown, Unknown,0.0
1280379, Not-stolen, Handgun,0.0
1277947, Unknown, Unknown,0.0
1278778, Unknown, 9mm,0.0
1277170, Unknown, 22 LR,0.0
1266173, Unknown, Unknown,0.0
1264155, Unknown, Unknown,0.0
1264802, Unknown, Unknown,0.0
1261231, Unknown, Unknown,0.0
1260953, Unknown, Unknown,0.0
1259542, Unknown, Handgun,0.0
1258320, Unknown, Unknown,0.0
1259582, Unknown, Other,0.0
1256740, Unknown, Unknown,0.0
1256271, Unknown, Handgun,0.0
1256230, Unknown, Unknown,0.0
1251637, Unknown, Handgun,0.0
1249551, Unknown, Rifle,0.0
1248818, Unknown, Unknown,0.0
1248514, Unknown, Unknown,0.0
1248423, Unknown, Unknown,0.0
1247546, Unknown, Handgun,0.0
1247542, Unknown, Handgun,0.0
1247308, Unknown, Unknown,0.0
1246968, Unknown, Unknown,0.0
1246006, Unknown, Unknown,0.0
1243438, Unknown, Unknown,0.0
1243703, Unknown, Unknown,0.0
1241474, Unknown, Unknown,0.0
1240844, Unknown, Unknown,0.0
1245249, Unknown, Unknown,0.0
1238496, Unknown, Unknown,0.0
1238134, Unknown, Unknown,0.0
1238638, Unknown, Unknown,0.0
1234694, Unknown, Unknown,0.0
1245001, Unknown, Unknown,0.0
1244777, Unknown, Unknown,0.0
1230196, Unknown, Unknown,0.0
1228092, Unknown, 22 LR,0.0
1228329, Unknown, Unknown,0.0
1227063, Unknown, 9mm,0.0
1226148, Unknown, Unknown,0.0
1226144, Unknown, Handgun,0.0
1222370, Unknown, Unknown,0.0
1221204, Unknown, Unknown,0.0
1219905, Unknown, 40 SW,0.0
1217275, Unknown, Unknown,0.0
1215761, Unknown, Unknown,0.0
1214654, Unknown, Unknown,0.0
1214964, Unknown, 9mm,0.0
1211994, Unknown, Handgun,0.0
1211659, Unknown, Handgun,0.0
1209783, Unknown, Unknown,0.0
1210032, Unknown, 223 Rem [AR-15],0.0
1208646, Unknown, Unknown,0.0
1204762, Unknown, Unknown,0.0
1203498, Unknown, Rifle,0.0
1203994, Unknown, 32 Auto,0.0
1200408, Unknown, Handgun,0.0
1198973, Unknown, Unknown,0.0
1200749, Unknown, Handgun,0.0
1197134, Unknown, Unknown,0.0
1197105, Unknown, Unknown,0.0
1195810, Unknown, Unknown,0.0
1194551, Unknown, Unknown,0.0
1192594, Unknown, Unknown,0.0
1189258, Unknown, Unknown,0.0
1189020, Unknown, 9mm,0.0
1187669, Unknown, Unknown,0.0
1185520, Unknown, Unknown,0.0
1185068, Unknown, Unknown,0.0
1182592, Unknown, Unknown,0.0
1182426, Unknown, Unknown,0.0
1180857, Unknown, Unknown,0.0
1182786, Unknown, Unknown,0.0
1175534, Unknown, Handgun,0.0
1175472, Unknown, Unknown,0.0
1173707, Unknown, Unknown,0.0
1173190, Unknown, 9mm,0.0
1171496, Unknown, 12 gauge,0.0
1171930, Unknown, Unknown,0.0
1167931, Unknown, Unknown,0.0
1165420, Unknown, 9mm,0.0
1165183, Unknown, 223 Rem [AR-15],0.0
1163406, Unknown, Unknown,0.0
1164073, Unknown, Unknown,0.0
1161925, Unknown, Unknown,0.0
1161078, Unknown, Unknown,0.0
1160253, Unknown, Unknown,0.0
1160697, Unknown, Unknown,0.0
1159278, Unknown, Unknown,0.0
1158586, Unknown, Unknown,0.0
1159025, Unknown, Unknown,0.0
1157086, Unknown, Unknown,0.0
1156772, Unknown, 40 SW,0.0
1157671, Unknown, Handgun,0.0
1154558, Unknown, Unknown,0.0
1155641, Unknown, Shotgun,0.0
1154041, Unknown, Handgun,0.0
1152899, Unknown, Unknown,0.0
1150235, Unknown, Unknown,0.0
1148883, Unknown, 40 SW,0.0
1145852, Unknown, Unknown,0.0
1471533, Unknown, Unknown,0.0
1142051, Unknown, Unknown,0.0
1139610, Unknown, Unknown,0.0
1138324, Unknown, Unknown,0.0
1135299, Unknown, Unknown,0.0
1134422, Unknown, Rifle,0.0
1133961, Unknown, Unknown,0.0
1133365, Unknown, 357 Mag,0.0
1132595, Unknown, Unknown,0.0
1129432, Unknown, Unknown,0.0
1130871, Unknown, Unknown,0.0
1129050, Unknown, Unknown,0.0
1128546, Unknown, Unknown,0.0
1126217, Unknown, Unknown,0.0
1122852, Unknown, Unknown,0.0
1122946, Unknown, 380 Auto,0.0
1121440, Unknown, Unknown,0.0
1116705, Unknown, Unknown,0.0
1117434, Unknown, Unknown,0.0
1115051, Unknown, Unknown,0.0
1113078, Unknown, Unknown,0.0
1110096, Unknown, Unknown,0.0
1109289, Unknown, Unknown,0.0
1108761, Unknown, Unknown,0.0
1109979, Unknown, Unknown,0.0
1109045, Unknown, Unknown,0.0
1108431, Unknown, Unknown,0.0
1107289, Unknown, Handgun,0.0
1098556, Stolen, 357 Mag,0.0
1098069, Unknown, Unknown,0.0
1096402, Unknown, Unknown,0.0
1089021, Unknown, Unknown,0.0
1082827, Unknown, Unknown,0.0
1081894, Unknown, Unknown,0.0
1081647, Unknown, Unknown,0.0
1080392, Unknown, Unknown,0.0
1080374, Unknown, Unknown,0.0
1081623, Unknown, Unknown,0.0
1074961, Unknown, Unknown,0.0
1075597, Unknown, Handgun,0.0
1069080, Unknown, Unknown,0.0
1068526, Unknown, Handgun,0.0
1068073, Unknown, 9mm,0.0
1068059, Unknown, 22 LR,0.0
1067443, Unknown, Unknown,0.0
1066875, Unknown, Unknown,0.0
1066577, Unknown, Unknown,0.0
1065208, Unknown, Unknown,0.0
1062802, Stolen, Unknown,0.0
1061451, Unknown, Unknown,0.0
1060419, Unknown, Unknown,0.0
1055120, Unknown, Unknown,0.0
1053616, Unknown, Handgun,0.0
1053272, Unknown, Unknown,0.0
1052294, Unknown, Unknown,0.0
1053085, Unknown, Unknown,0.0
1051659, Unknown, 7.62 [AK-47],0.0
1047484, Unknown, Unknown,0.0
1045450, Unknown, Unknown,0.0
1042224, Unknown, Unknown,0.0
1041668, Unknown, Unknown,0.0
1039068, Unknown, Unknown,0.0
1037937, Unknown, 9mm,0.0
1037226, Unknown, Unknown,0.0
1036936, Unknown, Unknown,0.0
1035257, Unknown, Unknown,0.0
1035148, Unknown, Shotgun,0.0
1031762, Unknown, Unknown,0.0
1031949, Unknown, Unknown,0.0
1030452, Unknown, Unknown,0.0
1025673, Unknown, Unknown,0.0
1022547, Unknown, 9mm,0.0
1020918, Unknown, Unknown,0.0
1018902, Unknown, Unknown,0.0
1019515, Unknown, Unknown,0.0
1018424, Unknown, Unknown,0.0
1019128, Unknown, Unknown,0.0
1016162, Unknown, Unknown,0.0
1015791, Unknown, Unknown,0.0
1015948, Unknown, Unknown,0.0
1014780, Unknown, 40 SW,0.0
1014251, Unknown, Unknown,0.0
1013165, Unknown, Unknown,0.0
1011595, Unknown, Unknown,0.0
1008570, Unknown, Unknown,0.0
1007370, Unknown, Unknown,0.0
1005355, Unknown, Unknown,0.0
1004187, Unknown, Shotgun,0.0
1003262, Unknown, Unknown,0.0
1002553, Unknown, Unknown,0.0
1001469, Unknown, Unknown,0.0
1299075, Unknown, Handgun,0.0
993889, Unknown, Unknown,0.0
991957, Unknown, Unknown,0.0
987284, Unknown, Unknown,0.0
987118, Unknown, Unknown,0.0
985057, Unknown, Unknown,0.0
985018, Unknown, Unknown,0.0
985609, Unknown, Unknown,0.0
984493, Unknown, Unknown,0.0
984476, Stolen, 9mm,0.0
1014364, Unknown, Unknown,0.0
983400, Unknown, Handgun,0.0
981724, Unknown, 22 LR,0.0
980577, Unknown, 22 LR,0.0
980493, Unknown, Unknown,0.0
978859, Unknown, Unknown,0.0
979099, Stolen, 9mm,0.0
979707, Unknown, Unknown,0.0
975519, Unknown, Unknown,0.0
978056, Unknown, 22 LR,0.0
964421, Unknown, Unknown,0.0
963933, Unknown, Unknown,0.0
963483, Unknown, Unknown,0.0
960036, Unknown, Unknown,0.0
958930, Unknown, 45 Auto,0.0
961710, Unknown, Unknown,0.0
958984, Unknown, Unknown,0.0
957562, Unknown, Unknown,0.0
956519, Unknown, Unknown,0.0
955761, Unknown, Unknown,0.0
955387, Unknown, Unknown,0.0
953863, Unknown, Unknown,0.0
954067, Unknown, Unknown,0.0
950769, Unknown, Unknown,0.0
951109, Unknown, Unknown,0.0
946160, Unknown, Unknown,0.0
950568, Unknown, Unknown,0.0
946162, Unknown, 22 LR,0.0
945681, Unknown, Unknown,0.0
944278, Unknown, Unknown,0.0
942292, Unknown, Handgun,0.0
941467, Unknown, Unknown,0.0
940191, Unknown, 223 Rem [AR-15],0.0
939254, Unknown, Unknown,0.0
939451, Unknown, Unknown,0.0
939151, Unknown, Unknown,0.0
936776, Unknown, Unknown,0.0
933616, Unknown, Unknown,0.0
933183, Unknown, Unknown,0.0
938221, Unknown, Unknown,0.0
930433, Unknown, Unknown,0.0
928127, Unknown, Unknown,0.0
926101, Unknown, Unknown,0.0
925955, Unknown, Unknown,0.0
924438, Unknown, Unknown,0.0
922726, Unknown, 45 Auto,0.0
922006, Unknown, Unknown,0.0
922538, Unknown, Unknown,0.0
920768, Unknown, Unknown,0.0
920513, Unknown, Unknown,0.0
919715, Unknown, Unknown,0.0
917373, Stolen, 9mm,0.0
916934, Unknown, Unknown,0.0
917003, Unknown, Unknown,0.0
916765, Unknown, Unknown,0.0
916099, Unknown, 38 Spl,0.0
915868, Unknown, Unknown,0.0
914367, Unknown, Unknown,0.0
913981, Unknown, Unknown,0.0
912711, Unknown, Unknown,0.0
909511, Unknown, 9mm,0.0
908571, Unknown, Unknown,0.0
907522, Unknown, Unknown,0.0
907301, Unknown, Unknown,0.0
906890, Unknown, Handgun,0.0
906573, Unknown, 38 Spl,0.0
903654, Unknown, Unknown,0.0
903883, Unknown, Shotgun,0.0
902444, Unknown, 9mm,0.0
902866, Unknown, 9mm,0.0
901949, Unknown, Unknown,0.0
1556973, Unknown, Unknown,0.0
1555325, Unknown, Unknown,0.0
1555035, Unknown, Unknown,0.0
1555624, Unknown, Unknown,0.0
1551772, Unknown, Unknown,0.0
1550299, Unknown, 9mm,0.0
1549242, Unknown, Unknown,0.0
1547583, Unknown, Unknown,0.0
1548243, Unknown, Unknown,0.0
1545663, Unknown, Unknown,0.0
1546508, Unknown, Unknown,0.0
1545714, Unknown, Unknown,0.0
1543754, Unknown, Unknown,0.0
1542930, Unknown, Unknown,0.0
1543145, Unknown, Unknown,0.0
1541084, Unknown, Unknown,0.0
1539816, Unknown, Unknown,0.0
1540095, Unknown, Unknown,0.0
1539036, Unknown, Unknown,0.0
1539306, Unknown, Unknown,0.0
1536509, Unknown, Unknown,0.0
1537145, Unknown, Unknown,0.0
1534539, Unknown, Unknown,0.0
1533783, Unknown, Unknown,0.0
1531809, Unknown, Unknown,0.0
1531181, Unknown, Unknown,0.0
1531397, Unknown, 45 Auto,0.0
1537873, Unknown, Unknown,0.0
1530524, Unknown, Unknown,0.0
1530780, Unknown, Unknown,0.0
1530251, Unknown, Unknown,0.0
1528833, Unknown, Unknown,0.0
1529370, Unknown, Handgun,0.0
1527575, Unknown, 380 Auto,0.0
1527691, Unknown, Unknown,0.0
1526380, Unknown, Unknown,0.0
1525361, Unknown, Unknown,0.0
1532667, Unknown, 22 LR,0.0
1524699, Unknown, Unknown,0.0
1523850, Unknown, Handgun,0.0
1524233, Unknown, Unknown,0.0
1522979, Unknown, Unknown,0.0
1523889, Unknown, Unknown,0.0
1521272, Unknown, Unknown,0.0
1523292, Unknown, Unknown,0.0
1521062, Unknown, Unknown,0.0
1521252, Unknown, Unknown,0.0
1519804, Unknown, Unknown,0.0
1519681, Unknown, Unknown,0.0
1519507, Unknown, Unknown,0.0
1518371, Unknown, 223 Rem [AR-15],0.0
1518231, Unknown, Unknown,0.0
1517829, Unknown, Unknown,0.0
1514977, Unknown, Unknown,0.0
1516010, Unknown, Unknown,0.0
1517121, Unknown, Unknown,0.0
1514325, Unknown, Unknown,0.0
1514551, Unknown, Unknown,0.0
1514882, Unknown, Unknown,0.0
1515789, Unknown, Unknown,0.0
1513593, Unknown, Handgun,0.0
1513245, Unknown, Unknown,0.0
1511659, Unknown, Unknown,0.0
1510614, Unknown, Unknown,0.0
1510100, Unknown, Unknown,0.0
1509900, Unknown, Unknown,0.0
1510638, Unknown, Unknown,0.0
1509846, Unknown, Handgun,0.0
1510287, Unknown, Unknown,0.0
1508966, Unknown, Unknown,0.0
1509396, Unknown, Unknown,0.0
1505328, Unknown, Unknown,0.0
1504831, Unknown, Unknown,0.0
1505857, Unknown, Unknown,0.0
1504579, Unknown, 22 LR,0.0
1504589, Stolen, 9mm,0.0
1504608, Unknown, Unknown,0.0
1508282, Unknown, Unknown,0.0
1503313, Unknown, Shotgun,0.0
1501825, Unknown, Unknown,0.0
1501040, Unknown, Unknown,0.0
1501128, Unknown, Unknown,0.0
1501663, Unknown, Unknown,0.0
1500180, Stolen, 40 SW,0.0
1500448, Unknown, Unknown,0.0
1499717, Unknown, Unknown,0.0
1499662, Unknown, Unknown,0.0
1499261, Unknown, Handgun,0.0
1498633, Unknown, Unknown,0.0
1498874, Unknown, 12 gauge,0.0
1498704, Unknown, Unknown,0.0
1497137, Unknown, Unknown,0.0
1497702, Unknown, Unknown,0.0
1495230, Unknown, Unknown,0.0
1494710, Unknown, Unknown,0.0
1494697, Unknown, Unknown,0.0
1496770, Unknown, Unknown,0.0
1495624, Unknown, Unknown,0.0
1494052, Unknown, Unknown,0.0
1494378, Unknown, Unknown,0.0
1492441, Not-stolen, Unknown,0.0
1492886, Unknown, Unknown,0.0
1491803, Unknown, Unknown,0.0
1491963, Unknown, Unknown,0.0
1493993, Unknown, Unknown,0.0
1490279, Unknown, Unknown,0.0
1490218, Unknown, Shotgun,0.0
1489191, Unknown, Unknown,0.0
1490085, Unknown, Rifle,0.0
1489159, Unknown, Unknown,0.0
1489482, Unknown, Unknown,0.0
1490403, Unknown, Unknown,0.0
1497258, Unknown, Unknown,0.0
1489027, Unknown, Unknown,0.0
1490680, Unknown, Unknown,0.0
1487177, Unknown, Unknown,0.0
1485066, Unknown, Unknown,0.0
1485776, Unknown, Unknown,0.0
1484443, Unknown, Unknown,0.0
1484134, Unknown, 22 LR,0.0
1482830, Unknown, Unknown,0.0
1481348, Unknown, Unknown,0.0
1480396, Unknown, 9mm,0.0
1480986, Unknown, Unknown,0.0
1480421, Unknown, Unknown,0.0
1479009, Unknown, Unknown,0.0
1478029, Unknown, Handgun,0.0
1478801, Unknown, Unknown,0.0
1477534, Unknown, Unknown,0.0
1476853, Unknown, Unknown,0.0
1476903, Unknown, Unknown,0.0
1476622, Unknown, Unknown,0.0
1475879, Unknown, Unknown,0.0
1477115, Unknown, Unknown,0.0
1473603, Unknown, Unknown,0.0
1472711, Unknown, Unknown,0.0
1474063, Unknown, Rifle,0.0
1468996, Unknown, Unknown,0.0
1466705, Unknown, 7.62 [AK-47],0.0
1468333, Unknown, Unknown,0.0
1466139, Unknown, Unknown,0.0
1466783, Unknown, Unknown,0.0
1466619, Unknown, Unknown,0.0
1467157, Unknown, Unknown,0.0
1465943, Unknown, Unknown,0.0
1465500, Unknown, Unknown,0.0
1466098, Unknown, Handgun,0.0
1466414, Unknown, Unknown,0.0
1462222, Unknown, Unknown,0.0
1461124, Unknown, Unknown,0.0
1460984, Unknown, Unknown,0.0
1460073, Unknown, Unknown,0.0
1465606, Unknown, Unknown,0.0
1458438, Unknown, Unknown,0.0
1458844, Unknown, Unknown,0.0
1458243, Unknown, Unknown,0.0
1456233, Unknown, Unknown,0.0
1457620, Unknown, Unknown,0.0
1459303, Unknown, Unknown,0.0
1458082, Unknown, Unknown,0.0
1490371, Unknown, Unknown,0.0
1455042, Unknown, Unknown,0.0
1458791, Unknown, 12 gauge,0.0
1455449, Unknown, Unknown,0.0
1454324, Unknown, Unknown,0.0
1453789, Unknown, Unknown,0.0
1452927, Unknown, Unknown,0.0
1452826, Unknown, Unknown,0.0
1451409, Stolen, 45 Auto,0.0
1480001, Unknown, Unknown,0.0
1450791, Unknown, Unknown,0.0
1450902, Unknown, Rifle,0.0
1449434, Unknown, Unknown,0.0
1448217, Unknown, Unknown,0.0
1446941, Unknown, Unknown,0.0
1446431, Unknown, Handgun,0.0
1447070, Unknown, Unknown,0.0
1445174, Unknown, Unknown,0.0
1443639, Unknown, Unknown,0.0
1441642, Unknown, Unknown,0.0
1440265, Unknown, Unknown,0.0
1439208, Unknown, Unknown,0.0
1439489, Unknown, Unknown,0.0
1439723, Unknown, Unknown,0.0
1443335, Unknown, 9mm,0.0
1441980, Unknown, 45 Auto,0.0
1438703, Unknown, Unknown,0.0
1438998, Unknown, Unknown,0.0
1438133, Unknown, Unknown,0.0
1436811, Unknown, 380 Auto,0.0
1436805, Unknown, Unknown,0.0
1436964, Unknown, Unknown,0.0
1436286, Unknown, Unknown,0.0
1435408, Unknown, Unknown,0.0
1435360, Unknown, Unknown,0.0
1436464, Unknown, Unknown,0.0
1436046, Unknown, Unknown,0.0
1435050, Unknown, Unknown,0.0
1433132, Unknown, Shotgun,0.0
1433942, Unknown, Unknown,0.0
1432181, Unknown, Unknown,0.0
1432147, Unknown, 22 LR,0.0
1430514, Unknown, Unknown,0.0
1430620, Unknown, Unknown,0.0
1429521, Unknown, Unknown,0.0
1429551, Unknown, Unknown,0.0
1429325, Unknown, Unknown,0.0
1429333, Unknown, Unknown,0.0
1429563, Unknown, Unknown,0.0
1429688, Unknown, Unknown,0.0
1429399, Unknown, Unknown,0.0
1429327, Unknown, Unknown,0.0
1428871, Unknown, Unknown,0.0
1428774, Unknown, Unknown,0.0
1426953, Unknown, Unknown,0.0
1427641, Unknown, Unknown,0.0
1427304, Unknown, Unknown,0.0
1423678, Unknown, Unknown,0.0
1423152, Unknown, Unknown,0.0
1422938, Unknown, Unknown,0.0
1424504, Unknown, Unknown,0.0
1421801, Unknown, Unknown,0.0
1422332, Unknown, Unknown,0.0
1420662, Unknown, Unknown,0.0
1420257, Unknown, Unknown,0.0
1418610, Unknown, Unknown,0.0
1418600, Unknown, Unknown,0.0
1417887, Unknown, Unknown,0.0
1419438, Unknown, Unknown,0.0
1417476, Unknown, Unknown,0.0
1416203, Unknown, Unknown,0.0
1416108, Unknown, Unknown,0.0
1414685, Unknown, Unknown,0.0
1415399, Unknown, Unknown,0.0
1416334, Unknown, Unknown,0.0
1415001, Unknown, Unknown,0.0
1413227, Unknown, Unknown,0.0
1412584, Unknown, Unknown,0.0
1412201, Unknown, Unknown,0.0
1411228, Unknown, Unknown,0.0
1409826, Unknown, Unknown,0.0
1409904, Unknown, Unknown,0.0
1409636, Unknown, Handgun,0.0
1407934, Unknown, Unknown,0.0
1408472, Unknown, Unknown,0.0
1407062, Unknown, Unknown,0.0
1407625, Unknown, Unknown,0.0
1405445, Unknown, Rifle,0.0
1498914, Unknown, 22 LR,0.0
1420995, Unknown, 9mm,0.0
1405954, Unknown, Unknown,0.0
1403179, Unknown, Unknown,0.0
1400914, Unknown, Unknown,0.0
1400203, Unknown, Unknown,0.0
1399940, Unknown, Unknown,0.0
1399535, Unknown, Unknown,0.0
1398885, Unknown, Unknown,0.0
1399528, Unknown, Unknown,0.0
1399035, Unknown, Unknown,0.0
1398984, Unknown, Unknown,0.0
1398876, Unknown, Unknown,0.0
1397608, Unknown, Unknown,0.0
1397335, Unknown, Handgun,0.0
1395560, Unknown, Unknown,0.0
1393144, Unknown, Unknown,0.0
1393226, Unknown, 380 Auto,0.0
1392880, Unknown, Unknown,0.0
1392611, Unknown, Unknown,0.0
1392946, Unknown, Unknown,0.0
1391728, Unknown, Unknown,0.0
1390450, Unknown, Unknown,0.0
1390572, Unknown, Unknown,0.0
1394373, Unknown, Handgun,0.0
1389675, Unknown, Unknown,0.0
1388642, Unknown, Unknown,0.0
1388924, Unknown, Unknown,0.0
1386085, Unknown, Unknown,0.0
1386469, Unknown, Unknown,0.0
1384676, Unknown, Unknown,0.0
1384091, Unknown, Unknown,0.0
1384164, Unknown, Unknown,0.0
1383071, Unknown, Unknown,0.0
1382295, Unknown, Unknown,0.0
1381570, Unknown, Unknown,0.0
1381273, Unknown, 223 Rem [AR-15],0.0
1381480, Unknown, Unknown,0.0
1380936, Unknown, Unknown,0.0
1380335, Not-stolen, 12 gauge,0.0
1380435, Unknown, Unknown,0.0
1378534, Unknown, Unknown,0.0
1376974, Unknown, 40 SW,0.0
1377288, Unknown, Unknown,0.0
1376702, Unknown, Unknown,0.0
1377680, Unknown, Unknown,0.0
1375880, Unknown, Unknown,0.0
1374486, Unknown, Unknown,0.0
1374416, Unknown, Shotgun,0.0
1372460, Unknown, 45 Auto,0.0
1371814, Unknown, 12 gauge,0.0
1371888, Unknown, Handgun,0.0
1372811, Unknown, 32 Auto,0.0
1370249, Unknown, Handgun,0.0
1369497, Unknown, Unknown,0.0
1367972, Unknown, Handgun,0.0
1368077, Unknown, Unknown,0.0
1367266, Unknown, Unknown,0.0
1365978, Unknown, Unknown,0.0
1365100, Unknown, Handgun,0.0
1364540, Unknown, Unknown,0.0
1364101, Unknown, Unknown,0.0
1364570, Unknown, Handgun,0.0
1362678, Unknown, Unknown,0.0
1363020, Unknown, Unknown,0.0
1362601, Unknown, Unknown,0.0
1361338, Unknown, Unknown,0.0
1359656, Unknown, Unknown,0.0
1360154, Unknown, Unknown,0.0
1359144, Unknown, Unknown,0.0
1358685, Unknown, Handgun,0.0
1358921, Unknown, Unknown,0.0
1358592, Unknown, Unknown,0.0
1356735, Unknown, Handgun,0.0
1356781, Unknown, Handgun,0.0
1357101, Unknown, Unknown,0.0
1354518, Unknown, Unknown,0.0
1355108, Unknown, Unknown,0.0
1354381, Unknown, Unknown,0.0
1353952, Unknown, Handgun,0.0
1353595, Unknown, Unknown,0.0
1352890, Unknown, Handgun,0.0
1353435, Unknown, 9mm,0.0
1352512, Unknown, Unknown,0.0
1348877, Unknown, Unknown,0.0
1352621, Unknown, Unknown,0.0
1346962, Unknown, 38 Spl,0.0
1346803, Unknown, Unknown,0.0
1344800, Unknown, Handgun,0.0
1343427, Unknown, Unknown,0.0
1343429, Unknown, Unknown,0.0
1343921, Unknown, Unknown,0.0
1343704, Unknown, Unknown,0.0
1342999, Unknown, Unknown,0.0
1342462, Unknown, Unknown,0.0
1342457, Unknown, Unknown,0.0
1340259, Unknown, Unknown,0.0
1340308, Unknown, Handgun,0.0
1340655, Unknown, Unknown,0.0
1340480, Unknown, Unknown,0.0
1342584, Unknown, Unknown,0.0
1339547, Unknown, Handgun,0.0
1338931, Unknown, Unknown,0.0
1338993, Unknown, Unknown,0.0
1335657, Unknown, Unknown,0.0
1334717, Unknown, Unknown,0.0
1334375, Unknown, Unknown,0.0
1334224, Stolen, Unknown,0.0
1333466, Unknown, Unknown,0.0
1333391, Unknown, Unknown,0.0
1333076, Unknown, Unknown,0.0
1333057, Unknown, Unknown,0.0
1332024, Unknown, Unknown,0.0
1329661, Unknown, Unknown,0.0
1328756, Unknown, Unknown,0.0
1329314, Unknown, Unknown,0.0
1328707, Unknown, Unknown,0.0
1327853, Unknown, Unknown,0.0
1325221, Unknown, Unknown,0.0
1322876, Unknown, Unknown,0.0
1327132, Unknown, Unknown,0.0
1322036, Unknown, Unknown,0.0
1322129, Unknown, Unknown,0.0
1322328, Unknown, Unknown,0.0
1319333, Unknown, Unknown,0.0
1318762, Unknown, Unknown,0.0
1317279, Unknown, Unknown,0.0
1316412, Unknown, Unknown,0.0
1314859, Unknown, Unknown,0.0
1314557, Unknown, Unknown,0.0
1315165, Unknown, Unknown,0.0
1313639, Unknown, Unknown,0.0
1314536, Unknown, Unknown,0.0
1315312, Unknown, Unknown,0.0
1314307, Unknown, Unknown,0.0
1312387, Unknown, Unknown,0.0
1313348, Unknown, Unknown,0.0
1310520, Unknown, Unknown,0.0
1309963, Unknown, Unknown,0.0
1309477, Unknown, Unknown,0.0
1306549, Unknown, Unknown,0.0
1304662, Unknown, Unknown,0.0
1304553, Unknown, Unknown,0.0
1301786, Unknown, Unknown,0.0
1298769, Unknown, Unknown,0.0
1296588, Unknown, Unknown,0.0
1296873, Unknown, 9mm,0.0
1297583, Unknown, Unknown,0.0
1297052, Unknown, Unknown,0.0
1297727, Unknown, Unknown,0.0
1295918, Unknown, Unknown,0.0
1295279, Unknown, Unknown,0.0
1294746, Unknown, Handgun,0.0
1293387, Unknown, Unknown,0.0
1292698, Unknown, Unknown,0.0
1291174, Unknown, Unknown,0.0
1289910, Unknown, Unknown,0.0
1289789, Unknown, Unknown,0.0
1289949, Unknown, Unknown,0.0
1289714, Unknown, Unknown,0.0
1288224, Unknown, 45 Auto,0.0
1288918, Unknown, 22 LR,0.0
1287553, Unknown, Unknown,0.0
1288186, Unknown, 9mm,0.0
1286792, Unknown, 9mm,0.0
1287440, Unknown, Unknown,0.0
1286734, Unknown, Handgun,0.0
1298004, Unknown, 223 Rem [AR-15],0.0
1286092, Unknown, Unknown,0.0
1285564, Unknown, Unknown,0.0
1284597, Unknown, Unknown,0.0
1284129, Unknown, Unknown,0.0
1283808, Unknown, Unknown,0.0
1283645, Unknown, Unknown,0.0
1283595, Unknown, Handgun,0.0
1281204, Unknown, Unknown,0.0
1278113, Unknown, Unknown,0.0
1277764, Unknown, Unknown,0.0
1276882, Unknown, Unknown,0.0
1276400, Unknown, Unknown,0.0
1275672, Unknown, Unknown,0.0
1275261, Unknown, Unknown,0.0
1275609, Unknown, Unknown,0.0
1274811, Unknown, Unknown,0.0
1272795, Unknown, Unknown,0.0
1273019, Unknown, Unknown,0.0
1273761, Unknown, Unknown,0.0
1274118, Unknown, Handgun,0.0
1272433, Unknown, Unknown,0.0
1272427, Unknown, Unknown,0.0
1271277, Unknown, Unknown,0.0
1270902, Unknown, 22 LR,0.0
1270172, Unknown, Unknown,0.0
1267060, Unknown, Unknown,0.0
1266335, Unknown, Unknown,0.0
1266132, Unknown, Unknown,0.0
1266277, Unknown, Unknown,0.0
1266093, Unknown, Unknown,0.0
1266578, Unknown, Unknown,0.0
1266388, Unknown, Unknown,0.0
1264778, Unknown, 40 SW,0.0
1268243, Unknown, Unknown,0.0
1558156, Unknown, Unknown,0.0
1556512, Unknown, Unknown,0.0
1555887, Unknown, Unknown,0.0
1554877, Unknown, Unknown,0.0
1555590, Unknown, Unknown,0.0
1554412, Unknown, Unknown,0.0
1553667, Unknown, Unknown,0.0
1552644, Unknown, Unknown,0.0
1553552, Unknown, Unknown,0.0
1552222, Unknown, Unknown,0.0
1552440, Unknown, Unknown,0.0
1552170, Unknown, Unknown,0.0
1551721, Unknown, Unknown,0.0
1551005, Unknown, Unknown,0.0
1551109, Unknown, Unknown,0.0
1551521, Unknown, Unknown,0.0
1550835, Unknown, Unknown,0.0
1551253, Unknown, Unknown,0.0
1550609, Unknown, Unknown,0.0
1550524, Unknown, Handgun,0.0
1550413, Unknown, Unknown,0.0
1550449, Unknown, Unknown,0.0
1548689, Unknown, 45 Auto,0.0
1548124, Unknown, Unknown,0.0
1547956, Unknown, Unknown,0.0
1548225, Unknown, Unknown,0.0
1547714, Unknown, Unknown,0.0
1547192, Unknown, Unknown,0.0
1546385, Unknown, Unknown,0.0
1546281, Unknown, Unknown,0.0
1545761, Unknown, Unknown,0.0
1547830, Unknown, Unknown,0.0
1547735, Unknown, Unknown,0.0
1545594, Unknown, Unknown,0.0
1545077, Unknown, Unknown,0.0
1545438, Unknown, Unknown,0.0
1545258, Unknown, Unknown,0.0
1547730, Unknown, Unknown,0.0
1544512, Unknown, Unknown,0.0
1543135, Unknown, Unknown,0.0
1543315, Unknown, Unknown,0.0
1543208, Stolen, Unknown,0.0
1542866, Unknown, Unknown,0.0
1542878, Unknown, Unknown,0.0
1541665, Unknown, Unknown,0.0
1541868, Unknown, Unknown,0.0
1541266, Unknown, Unknown,0.0
1539793, Unknown, Unknown,0.0
1539858, Unknown, Rifle,0.0
1541570, Unknown, Unknown,0.0
1540029, Unknown, Unknown,0.0
1539189, Unknown, Unknown,0.0
1539339, Unknown, Handgun,0.0
1538996, Unknown, Unknown,0.0
1537992, Unknown, Shotgun,0.0
1538516, Unknown, Unknown,0.0
1537353, Unknown, Unknown,0.0
1537367, Unknown, Unknown,0.0
1537160, Unknown, Unknown,0.0
1535816, Unknown, Unknown,0.0
1535185, Unknown, Unknown,0.0
1533215, Unknown, Unknown,0.0
1532860, Unknown, Handgun,0.0
1531687, Unknown, Unknown,0.0
1531137, Unknown, Unknown,0.0
1531111, Unknown, Unknown,0.0
1530644, Unknown, Unknown,0.0
1530297, Unknown, Unknown,0.0
1531063, Unknown, Unknown,0.0
1531290, Unknown, Unknown,0.0
1530718, Unknown, Unknown,0.0
1542057, Unknown, Unknown,0.0
1530990, Unknown, Unknown,0.0
1530974, Unknown, Unknown,0.0
1529752, Unknown, Unknown,0.0
1529430, Unknown, Unknown,0.0
1529037, Unknown, Unknown,0.0
1527027, Unknown, Unknown,0.0
1526113, Unknown, Unknown,0.0
1526875, Unknown, Unknown,0.0
1526111, Unknown, Unknown,0.0
1526644, Unknown, Handgun,0.0
1525255, Unknown, Unknown,0.0
1525801, Unknown, Unknown,0.0
1526274, Unknown, Unknown,0.0
1525159, Unknown, Unknown,0.0
1524478, Unknown, Unknown,0.0
1524362, Unknown, Unknown,0.0
1523152, Unknown, Unknown,0.0
1523287, Unknown, Unknown,0.0
1523075, Unknown, Unknown,0.0
1522808, Unknown, Unknown,0.0
1523065, Unknown, Unknown,0.0
1522472, Unknown, Unknown,0.0
1522046, Unknown, Unknown,0.0
1521090, Unknown, Handgun,0.0
1520833, Unknown, Unknown,0.0
1519354, Unknown, Unknown,0.0
1519750, Unknown, Unknown,0.0
1518773, Unknown, Unknown,0.0
1555282, Unknown, Unknown,0.0
1520536, Unknown, Unknown,0.0
1523324, Unknown, Unknown,0.0
1518391, Unknown, Unknown,0.0
1518556, Unknown, Unknown,0.0
1517480, Unknown, Unknown,0.0
1515403, Unknown, Handgun,0.0
1515230, Unknown, Unknown,0.0
1515704, Unknown, Unknown,0.0
1517413, Unknown, Unknown,0.0
1517411, Unknown, Unknown,0.0
1514898, Unknown, Rifle,0.0
1515030, Unknown, Rifle,0.0
1514233, Unknown, Unknown,0.0
1512772, Unknown, Unknown,0.0
1511999, Unknown, Unknown,0.0
1511635, Unknown, Unknown,0.0
1514915, Unknown, Unknown,0.0
1510336, Unknown, Unknown,0.0
1509481, Unknown, Unknown,0.0
1509226, Unknown, Unknown,0.0
1509418, Unknown, Unknown,0.0
1508618, Unknown, Unknown,0.0
1508859, Unknown, Unknown,0.0
1507386, Unknown, Unknown,0.0
1507913, Unknown, Unknown,0.0
1507092, Unknown, Unknown,0.0
1506589, Unknown, Unknown,0.0
1505907, Unknown, Unknown,0.0
1507986, Unknown, Unknown,0.0
1506313, Unknown, Unknown,0.0
1505840, Unknown, Unknown,0.0
1511580, Unknown, Unknown,0.0
1504775, Not-stolen, 223 Rem [AR-15],0.0
1508389, Unknown, Handgun,0.0
1505334, Unknown, Unknown,0.0
1505148, Unknown, Unknown,0.0
1504291, Unknown, Unknown,0.0
1503625, Unknown, Unknown,0.0
1503431, Unknown, Unknown,0.0
1502837, Unknown, Handgun,0.0
1503207, Unknown, Unknown,0.0
1503192, Unknown, Unknown,0.0
1502851, Unknown, Unknown,0.0
1502055, Unknown, Unknown,0.0
1502369, Unknown, Unknown,0.0
1539227, Unknown, Unknown,0.0
1501034, Unknown, Unknown,0.0
1501228, Unknown, Unknown,0.0
1500657, Unknown, Unknown,0.0
1499513, Unknown, Unknown,0.0
1499567, Unknown, Handgun,0.0
1499506, Unknown, Unknown,0.0
1499224, Unknown, Unknown,0.0
1498891, Unknown, Unknown,0.0
1498964, Unknown, Unknown,0.0
1497289, Unknown, Unknown,0.0
1494467, Unknown, Unknown,0.0
1496296, Unknown, Unknown,0.0
1494965, Unknown, Unknown,0.0
1495045, Unknown, Unknown,0.0
1494113, Unknown, Unknown,0.0
1494432, Unknown, Unknown,0.0
1493229, Unknown, Unknown,0.0
1494229, Unknown, Unknown,0.0
1494302, Unknown, Unknown,0.0
1492441, Not-stolen, Unknown,0.0
1494130, Unknown, Unknown,0.0
1492200, Unknown, Unknown,0.0
1491565, Unknown, Unknown,0.0
1490466, Unknown, Unknown,0.0
1491410, Unknown, Unknown,0.0
1490767, Unknown, Unknown,0.0
1490391, Unknown, 38 Spl,0.0
1489985, Unknown, Unknown,0.0
1491304, Unknown, Unknown,0.0
1489218, Unknown, Unknown,0.0
1487567, Unknown, Unknown,0.0
1488046, Unknown, Unknown,0.0
1489072, Unknown, Unknown,0.0
1487573, Unknown, Unknown,0.0
1487305, Unknown, Unknown,0.0
1487893, Unknown, 38 Spl,0.0
1487943, Unknown, Unknown,0.0
1487347, Unknown, Unknown,0.0
1486568, Unknown, Unknown,0.0
1486893, Unknown, Unknown,0.0
1486389, Unknown, Unknown,0.0
1485906, Unknown, Unknown,0.0
1485680, Unknown, Handgun,0.0
1485066, Unknown, Unknown,0.0
1485261, Unknown, Unknown,0.0
1484235, Unknown, Unknown,0.0
1483881, Unknown, Unknown,0.0
1483609, Unknown, Unknown,0.0
1482858, Unknown, Unknown,0.0
1482234, Unknown, Unknown,0.0
1482391, Unknown, Unknown,0.0
1481942, Unknown, Unknown,0.0
1482414, Unknown, Unknown,0.0
1482601, Unknown, Unknown,0.0
1480935, Unknown, Unknown,0.0
1481218, Unknown, Unknown,0.0
1478858, Unknown, Unknown,0.0
1478700, Unknown, Unknown,0.0
1477525, Unknown, Handgun,0.0
1477636, Unknown, Unknown,0.0
1476859, Unknown, Unknown,0.0
1476460, Unknown, Unknown,0.0
1477104, Unknown, Unknown,0.0
1476407, Unknown, Unknown,0.0
1477345, Unknown, Unknown,0.0
1475592, Unknown, Unknown,0.0
1475796, Unknown, Unknown,0.0
1475220, Unknown, Unknown,0.0
1477300, Unknown, Unknown,0.0
1474552, Unknown, Unknown,0.0
1475294, Unknown, Unknown,0.0
1476499, Unknown, Unknown,0.0
1473393, Stolen, Unknown,0.0
1474852, Unknown, Unknown,0.0
1473591, Unknown, Unknown,0.0
1472278, Unknown, Unknown,0.0
1472281, Unknown, Unknown,0.0
1473281, Unknown, Unknown,0.0
1472196, Unknown, Unknown,0.0
1471979, Unknown, Unknown,0.0
1469835, Unknown, 223 Rem [AR-15],0.0
1471675, Unknown, Unknown,0.0
1468958, Unknown, Unknown,0.0
1469334, Unknown, Unknown,0.0
1466705, Unknown, 7.62 [AK-47],0.0
1468382, Unknown, Unknown,0.0
1467522, Unknown, Unknown,0.0
1465947, Unknown, Unknown,0.0
1471078, Unknown, Unknown,0.0
1466031, Unknown, Unknown,0.0
1465986, Unknown, Unknown,0.0
1465952, Unknown, Unknown,0.0
1466384, Unknown, Unknown,0.0
1465489, Unknown, Unknown,0.0
1463841, Unknown, Unknown,0.0
1462670, Unknown, Unknown,0.0
1463537, Unknown, Unknown,0.0
1460448, Unknown, 7.62 [AK-47],0.0
1460811, Unknown, Unknown,0.0
1461764, Unknown, Unknown,0.0
1462286, Unknown, Unknown,0.0
1460993, Unknown, Unknown,0.0
1458956, Unknown, Unknown,0.0
1460198, Unknown, Handgun,0.0
1458935, Unknown, Unknown,0.0
1457111, Unknown, Unknown,0.0
1458274, Unknown, Handgun,0.0
1457705, Unknown, Unknown,0.0
1457269, Unknown, Unknown,0.0
1457108, Unknown, Unknown,0.0
1456587, Unknown, Unknown,0.0
1461683, Unknown, Unknown,0.0
1455337, Unknown, Unknown,0.0
1456615, Unknown, Unknown,0.0
1454039, Unknown, Unknown,0.0
1455443, Unknown, Unknown,0.0
1454944, Unknown, Unknown,0.0
1453489, Unknown, Unknown,0.0
1453186, Unknown, Unknown,0.0
1453316, Unknown, Unknown,0.0
1452891, Unknown, Unknown,0.0
1451801, Unknown, Unknown,0.0
1452818, Unknown, Unknown,0.0
1452249, Unknown, Unknown,0.0
1452244, Unknown, Unknown,0.0
1452115, Unknown, Unknown,0.0
1453955, Unknown, Unknown,0.0
1450500, Unknown, Unknown,0.0
1450859, Unknown, Unknown,0.0
1450747, Unknown, Unknown,0.0
1448700, Unknown, Unknown,0.0
1449784, Unknown, Unknown,0.0
1447829, Unknown, Unknown,0.0
1448960, Unknown, Handgun,0.0
1447743, Unknown, Unknown,0.0
1446596, Unknown, Unknown,0.0
1447483, Unknown, Unknown,0.0
1446972, Unknown, Unknown,0.0
1446577, Unknown, Unknown,0.0
1446536, Unknown, Unknown,0.0
1447585, Unknown, Unknown,0.0
1490713, Unknown, Unknown,0.0
1446847, Unknown, Unknown,0.0
1446409, Unknown, Handgun,0.0
1445891, Unknown, Unknown,0.0
1446169, Unknown, Handgun,0.0
1445309, Unknown, Unknown,0.0
1446512, Unknown, Unknown,0.0
1445454, Unknown, Unknown,0.0
1445769, Unknown, Unknown,0.0
1444407, Unknown, Unknown,0.0
1444825, Unknown, Unknown,0.0
1445414, Unknown, Unknown,0.0
1446697, Unknown, Unknown,0.0
1444717, Unknown, Unknown,0.0
1442417, Unknown, Unknown,0.0
1443166, Unknown, Unknown,0.0
1443668, Unknown, Unknown,0.0
1443072, Unknown, Unknown,0.0
1440748, Unknown, Unknown,0.0
1441590, Unknown, Unknown,0.0
1442275, Unknown, Handgun,0.0
1440441, Unknown, Unknown,0.0
1440163, Unknown, Unknown,0.0
1442367, Unknown, Unknown,0.0
1438951, Unknown, Unknown,0.0
1438958, Stolen, Unknown,0.0
1439323, Unknown, Handgun,0.0
1437995, Unknown, Unknown,0.0
1436408, Unknown, Unknown,0.0
1436288, Unknown, Unknown,0.0
1436208, Unknown, Unknown,0.0
1436887, Unknown, Unknown,0.0
1436243, Unknown, Unknown,0.0
1436169, Unknown, Unknown,0.0
1435813, Unknown, Unknown,0.0
1436254, Unknown, Unknown,0.0
1436452, Unknown, Unknown,0.0
1435358, Unknown, Unknown,0.0
1434362, Unknown, Unknown,0.0
1434157, Unknown, Unknown,0.0
1433166, Unknown, Unknown,0.0
1433027, Unknown, Unknown,0.0
1431632, Unknown, Unknown,0.0
1431599, Unknown, Unknown,0.0
1431484, Unknown, Unknown,0.0
1431541, Unknown, Handgun,0.0
1430576, Unknown, Unknown,0.0
1430243, Unknown, Unknown,0.0
1430073, Unknown, Unknown,0.0
1428990, Unknown, Unknown,0.0
1428513, Unknown, Unknown,0.0
1428473, Unknown, Unknown,0.0
1428831, Unknown, Unknown,0.0
1429787, Unknown, Unknown,0.0
1428703, Unknown, Handgun,0.0
1428821, Unknown, Unknown,0.0
1427392, Unknown, Unknown,0.0
1428134, Unknown, Unknown,0.0
1426703, Unknown, Unknown,0.0
1427259, Unknown, Unknown,0.0
1427181, Unknown, Unknown,0.0
1426666, Unknown, Unknown,0.0
1426238, Unknown, Unknown,0.0
1424034, Unknown, Unknown,0.0
1424688, Unknown, Unknown,0.0
1424190, Unknown, Handgun,0.0
1423851, Unknown, Unknown,0.0
1428080, Unknown, Unknown,0.0
1423534, Unknown, Unknown,0.0
1423348, Unknown, Unknown,0.0
1423015, Unknown, Unknown,0.0
1422564, Unknown, Unknown,0.0
1423082, Unknown, Unknown,0.0
1421785, Unknown, Unknown,0.0
1422384, Unknown, Unknown,0.0
1421113, Stolen, Unknown,0.0
1421529, Unknown, 40 SW,0.0
1421310, Unknown, Unknown,0.0
1421478, Unknown, Unknown,0.0
1420897, Unknown, Unknown,0.0
1421101, Unknown, Unknown,0.0
1420023, Unknown, Unknown,0.0
1419559, Unknown, Unknown,0.0
1419834, Unknown, Unknown,0.0
1420395, Unknown, Unknown,0.0
1418473, Unknown, Unknown,0.0
1417620, Unknown, Unknown,0.0
1416972, Unknown, Shotgun,0.0
1415323, Unknown, Unknown,0.0
1414797, Unknown, Unknown,0.0
1414360, Unknown, 380 Auto,0.0
1414023, Unknown, Unknown,0.0
1414282, Unknown, Unknown,0.0
1413615, Unknown, Unknown,0.0
1419903, Unknown, Unknown,0.0
1414021, Unknown, Unknown,0.0
1412473, Unknown, Unknown,0.0
1412448, Unknown, Unknown,0.0
1412290, Unknown, Unknown,0.0
1412753, Unknown, Handgun,0.0
1411441, Unknown, Unknown,0.0
1411439, Unknown, Unknown,0.0
1410916, Unknown, Unknown,0.0
1410874, Unknown, Unknown,0.0
1410866, Unknown, Unknown,0.0
1411626, Unknown, Unknown,0.0
1410011, Unknown, Unknown,0.0
1409729, Unknown, Unknown,0.0
1409291, Unknown, Unknown,0.0
1407486, Unknown, Unknown,0.0
1408550, Unknown, Unknown,0.0
1407964, Unknown, Unknown,0.0
1408146, Unknown, Unknown,0.0
1406955, Unknown, Unknown,0.0
1406563, Unknown, Unknown,0.0
1405445, Unknown, Rifle,0.0
1406070, Unknown, Unknown,0.0
1405485, Unknown, Unknown,0.0
1405583, Unknown, Unknown,0.0
1404607, Unknown, Unknown,0.0
1404771, Unknown, Handgun,0.0
1404723, Unknown, Unknown,0.0
1403572, Unknown, Unknown,0.0
1403305, Unknown, Unknown,0.0
1403537, Unknown, Unknown,0.0
1402963, Unknown, Unknown,0.0
1404232, Unknown, Unknown,0.0
1402499, Unknown, Unknown,0.0
1402525, Unknown, Unknown,0.0
1403352, Unknown, Unknown,0.0
1401797, Unknown, Unknown,0.0
1402529, Unknown, Unknown,0.0
1401692, Unknown, Unknown,0.0
1399039, Unknown, Unknown,0.0
1398538, Unknown, Handgun,0.0
1398682, Unknown, Unknown,0.0
1395374, Stolen, Unknown,0.0
1395573, Unknown, Handgun,0.0
1394503, Unknown, Unknown,0.0
1394286, Unknown, Unknown,0.0
1393543, Unknown, Unknown,0.0
1393628, Unknown, Unknown,0.0
1393605, Unknown, Unknown,0.0
1394628, Unknown, Unknown,0.0
1392942, Unknown, Unknown,0.0
1392351, Stolen, Handgun,0.0
1392543, Unknown, Unknown,0.0
1396528, Unknown, Unknown,0.0
1391402, Unknown, Unknown,0.0
1393046, Unknown, Unknown,0.0
1388822, Unknown, Unknown,0.0
1388173, Unknown, Unknown,0.0
1388832, Unknown, Unknown,0.0
1387410, Unknown, Unknown,0.0
1387096, Unknown, Unknown,0.0
1387125, Unknown, Unknown,0.0
1387263, Unknown, Unknown,0.0
1388261, Unknown, Unknown,0.0
1387168, Unknown, Unknown,0.0
1397914, Unknown, 16 gauge,0.0
1385344, Unknown, Rifle,0.0
1385588, Unknown, Unknown,0.0
1557956, Unknown, Unknown,0.0
1557135, Unknown, Unknown,0.0
1556923, Unknown, Unknown,0.0
1557868, Unknown, Unknown,0.0
1556751, Unknown, Unknown,0.0
1556874, Unknown, Unknown,0.0
1557019, Unknown, Unknown,0.0
1558005, Unknown, Unknown,0.0
1556961, Unknown, Unknown,0.0
1556735, Unknown, Unknown,0.0
1556951, Unknown, Unknown,0.0
1555598, Unknown, Unknown,0.0
1556104, Unknown, Unknown,0.0
1555786, Unknown, Unknown,0.0
1555774, Unknown, Unknown,0.0
1556431, Unknown, Unknown,0.0
1556460, Unknown, Unknown,0.0
1555636, Unknown, Unknown,0.0
1555037, Unknown, Unknown,0.0
1555628, Unknown, Unknown,0.0
1554329, Unknown, Unknown,0.0
1554158, Unknown, Unknown,0.0
1554032, Unknown, Unknown,0.0
1552607, Unknown, Handgun,0.0
1553105, Unknown, Unknown,0.0
1553546, Unknown, Unknown,0.0
1553541, Unknown, Unknown,0.0
1552318, Unknown, Unknown,0.0
1552199, Unknown, Unknown,0.0
1552725, Unknown, Unknown,0.0
1553704, Unknown, Unknown,0.0
1552458, Unknown, Unknown,0.0
1551290, Unknown, Unknown,0.0
1551005, Unknown, Unknown,0.0
1551753, Unknown, Unknown,0.0
1551499, Unknown, Unknown,0.0
1550932, Unknown, Unknown,0.0
1551826, Unknown, Unknown,0.0
1551775, Unknown, Unknown,0.0
1550896, Unknown, Unknown,0.0
1551243, Unknown, Unknown,0.0
1550669, Unknown, Unknown,0.0
1551204, Unknown, Unknown,0.0
1551221, Unknown, Unknown,0.0
1550912, Unknown, Unknown,0.0
1551186, Unknown, Unknown,0.0
1551123, Unknown, Unknown,0.0
1550770, Unknown, Unknown,0.0
1550133, Unknown, Unknown,0.0
1550607, Unknown, Unknown,0.0
1550099, Unknown, Unknown,0.0
1550499, Unknown, Unknown,0.0
1550511, Unknown, Unknown,0.0
1550035, Unknown, Unknown,0.0
1548689, Unknown, 45 Auto,0.0
1549173, Unknown, Unknown,0.0
1549478, Unknown, Unknown,0.0
1549313, Unknown, Unknown,0.0
1548563, Unknown, Unknown,0.0
1548641, Unknown, Unknown,0.0
1549181, Unknown, Unknown,0.0
1548678, Unknown, Unknown,0.0
1547440, Unknown, Unknown,0.0
1549226, Unknown, Unknown,0.0
1547246, Unknown, Unknown,0.0
1547231, Unknown, Unknown,0.0
1547196, Unknown, Unknown,0.0
1547117, Unknown, Unknown,0.0
1547192, Unknown, Unknown,0.0
1546989, Unknown, Unknown,0.0
1547005, Unknown, Unknown,0.0
1546925, Unknown, Unknown,0.0
1546399, Unknown, Unknown,0.0
1547340, Unknown, Unknown,0.0
1545948, Unknown, Unknown,0.0
1546363, Unknown, Unknown,0.0
1546228, Unknown, Unknown,0.0
1546155, Unknown, Unknown,0.0
1545659, Unknown, Unknown,0.0
1546031, Unknown, Handgun,0.0
1547545, Unknown, Unknown,0.0
1545888, Unknown, Unknown,0.0
1546343, Unknown, Rifle,0.0
1547793, Stolen, Handgun,0.0
1545714, Unknown, Unknown,0.0
1545596, Unknown, Unknown,0.0
1545736, Unknown, Unknown,0.0
1545769, Unknown, Unknown,0.0
1544094, Unknown, Unknown,0.0
1543892, Unknown, Unknown,0.0
1544568, Unknown, Unknown,0.0
1547349, Unknown, Unknown,0.0
1544251, Unknown, Unknown,0.0
1543904, Unknown, Unknown,0.0
1543900, Unknown, Unknown,0.0
1543738, Unknown, Unknown,0.0
1542989, Unknown, Handgun,0.0
1548254, Unknown, Unknown,0.0
1545364, Unknown, Unknown,0.0
1543317, Unknown, Unknown,0.0
1543605, Unknown, Unknown,0.0
1543466, Unknown, Unknown,0.0
1543107, Unknown, Unknown,0.0
1555445, Unknown, Unknown,0.0
1546745, Unknown, Unknown,0.0
1542881, Unknown, Unknown,0.0
1542878, Unknown, Unknown,0.0
1542687, Stolen, Unknown,0.0
1542334, Unknown, Unknown,0.0
1541679, Unknown, Unknown,0.0
1542211, Unknown, Unknown,0.0
1542075, Unknown, Unknown,0.0
1541665, Unknown, Unknown,0.0
1542022, Unknown, Unknown,0.0
1540829, Unknown, Unknown,0.0
1540785, Unknown, Unknown,0.0
1540690, Unknown, Unknown,0.0
1542138, Unknown, Unknown,0.0
1541254, Unknown, Unknown,0.0
1540806, Unknown, Unknown,0.0
1540778, Unknown, Unknown,0.0
1541033, Unknown, Unknown,0.0
1540742, Unknown, Unknown,0.0
1540739, Unknown, Unknown,0.0
1540326, Unknown, Unknown,0.0
1540590, Unknown, Unknown,0.0
1539572, Unknown, Unknown,0.0
1539814, Unknown, Unknown,0.0
1539653, Unknown, Unknown,0.0
1540100, Unknown, Rifle,0.0
1540098, Unknown, Unknown,0.0
1539881, Unknown, Unknown,0.0
1540064, Unknown, Unknown,0.0
1539026, Unknown, Unknown,0.0
1538916, Unknown, Unknown,0.0
1539189, Unknown, Unknown,0.0
1542600, Unknown, Handgun,0.0
1539599, Unknown, Rifle,0.0
1538835, Unknown, Unknown,0.0
1538721, Unknown, Unknown,0.0
1538354, Unknown, Unknown,0.0
1537341, Unknown, Unknown,0.0
1537281, Unknown, Unknown,0.0
1539459, Unknown, Unknown,0.0
1537127, Unknown, Unknown,0.0
1536730, Unknown, Unknown,0.0
1536787, Unknown, Unknown,0.0
1535868, Unknown, Unknown,0.0
1536139, Unknown, Unknown,0.0
1536562, Unknown, Unknown,0.0
1535756, Unknown, Unknown,0.0
1536162, Stolen, 9mm,0.0
1536855, Unknown, Unknown,0.0
1535308, Unknown, Unknown,0.0
1536518, Unknown, Unknown,0.0
1536036, Unknown, Unknown,0.0
1535352, Unknown, Unknown,0.0
1534922, Unknown, Unknown,0.0
1534918, Unknown, Unknown,0.0
1534838, Unknown, Unknown,0.0
1533833, Unknown, Handgun,0.0
1533794, Unknown, Unknown,0.0
1533634, Unknown, Unknown,0.0
1534145, Unknown, Unknown,0.0
1534143, Unknown, Unknown,0.0
1533392, Unknown, Unknown,0.0
1534056, Unknown, Unknown,0.0
1533218, Unknown, Handgun,0.0
1533744, Unknown, Unknown,0.0
1533184, Unknown, Unknown,0.0
1533193, Unknown, Unknown,0.0
1532036, Unknown, Handgun,0.0
1532719, Unknown, Unknown,0.0
1532688, Unknown, Unknown,0.0
1532229, Unknown, Unknown,0.0
1532609, Unknown, Unknown,0.0
1532388, Unknown, Unknown,0.0
1531565, Unknown, Unknown,0.0
1532137, Unknown, Unknown,0.0
1531935, Unknown, Unknown,0.0
1531622, Unknown, Unknown,0.0
1533719, Unknown, Unknown,0.0
1531546, Unknown, Unknown,0.0
1531501, Unknown, Unknown,0.0
1530537, Unknown, Unknown,0.0
1531663, Unknown, 9mm,0.0
1531656, Unknown, Unknown,0.0
1530910, Unknown, 22 LR,0.0
1530271, Unknown, Unknown,0.0
1530578, Unknown, Unknown,0.0
1530718, Unknown, Unknown,0.0
1530709, Unknown, Unknown,0.0
1530526, Unknown, Unknown,0.0
1530613, Unknown, Unknown,0.0
1529986, Unknown, Unknown,0.0
1530962, Unknown, Unknown,0.0
1529946, Unknown, Unknown,0.0
1530444, Unknown, Unknown,0.0
1529897, Unknown, Unknown,0.0
1530127, Unknown, Unknown,0.0
1530196, Unknown, Unknown,0.0
1530024, Unknown, Unknown,0.0
1530065, Unknown, Unknown,0.0
1529007, Unknown, Unknown,0.0
1529900, Unknown, Unknown,0.0
1530249, Unknown, Unknown,0.0
1529974, Unknown, Unknown,0.0
1529037, Unknown, Unknown,0.0
1529258, Unknown, Unknown,0.0
1529195, Unknown, Unknown,0.0
1528462, Unknown, Unknown,0.0
1528321, Unknown, Unknown,0.0
1528668, Unknown, Unknown,0.0
1528888, Unknown, Unknown,0.0
1528671, Unknown, Unknown,0.0
1527715, Unknown, Unknown,0.0
1527755, Unknown, Unknown,0.0
1528357, Unknown, Unknown,0.0
1528236, Unknown, Unknown,0.0
1527528, Unknown, Unknown,0.0
1527759, Unknown, Unknown,0.0
1528511, Unknown, Unknown,0.0
1528188, Unknown, Unknown,0.0
1527138, Unknown, Unknown,0.0
1526335, Unknown, Unknown,0.0
1526973, Unknown, Unknown,0.0
1528049, Unknown, Unknown,0.0
1525999, Unknown, Unknown,0.0
1526031, Unknown, Unknown,0.0
1529411, Unknown, Unknown,0.0
1526227, Unknown, Unknown,0.0
1525318, Unknown, Unknown,0.0
1533089, Unknown, Unknown,0.0
1526028, Unknown, Unknown,0.0
1525098, Unknown, Unknown,0.0
1525132, Unknown, Unknown,0.0
1525778, Unknown, Unknown,0.0
1525723, Unknown, Unknown,0.0
1525707, Unknown, Unknown,0.0
1526185, Unknown, Unknown,0.0
1524947, Unknown, Unknown,0.0
1524794, Unknown, Unknown,0.0
1525437, Unknown, Unknown,0.0
1524112, Unknown, Unknown,0.0
1525232, Stolen, Unknown,0.0
1525581, Unknown, Unknown,0.0
1524307, Unknown, Unknown,0.0
1525716, Unknown, Unknown,0.0
1525136, Stolen, Handgun,0.0
1523949, Unknown, Unknown,0.0
1524545, Unknown, Unknown,0.0
1524522, Unknown, Unknown,0.0
1523850, Unknown, Handgun,0.0
1524241, Unknown, Unknown,0.0
1523355, Unknown, Unknown,0.0
1524106, Unknown, Unknown,0.0
1523204, Unknown, Unknown,0.0
1524216, Unknown, Unknown,0.0
1523287, Unknown, Unknown,0.0
1522569, Unknown, Unknown,0.0
1522308, Unknown, Unknown,0.0
1523898, Unknown, Unknown,0.0
1522132, Unknown, Unknown,0.0
1523661, Unknown, Unknown,0.0
1521972, Unknown, Unknown,0.0
1522590, Unknown, Unknown,0.0
1521463, Unknown, Unknown,0.0
1521305, Unknown, Unknown,0.0
1521830, Unknown, Unknown,0.0
1521366, Unknown, Unknown,0.0
1520708, Unknown, Unknown,0.0
1520504, Unknown, Unknown,0.0
1520368, Unknown, Unknown,0.0
1523315, Unknown, Unknown,0.0
1544923, Unknown, Unknown,0.0
1520679, Unknown, Unknown,0.0
1519865, Unknown, Unknown,0.0
1519900, Unknown, Unknown,0.0
1520612, Unknown, Unknown,0.0
1520255, Unknown, Unknown,0.0
1519238, Unknown, Unknown,0.0
1519795, Unknown, Unknown,0.0
1520318, Unknown, Unknown,0.0
1518751, Unknown, Unknown,0.0
1519082, Unknown, Unknown,0.0
1519635, Unknown, Unknown,0.0
1519607, Unknown, Unknown,0.0
1518976, Unknown, Unknown,0.0
1519316, Unknown, Unknown,0.0
1519258, Unknown, Unknown,0.0
1520945, Unknown, Unknown,0.0
1518214, Unknown, Unknown,0.0
1518184, Unknown, Unknown,0.0
1518569, Unknown, Unknown,0.0
1518125, Unknown, Unknown,0.0
1517508, Unknown, Handgun,0.0
1517386, Unknown, Unknown,0.0
1516096, Unknown, Unknown,0.0
1516958, Unknown, Unknown,0.0
1516004, Unknown, Unknown,0.0
1515226, Unknown, Unknown,0.0
1515332, Unknown, Unknown,0.0
1515103, Unknown, Unknown,0.0
1515569, Unknown, Unknown,0.0
1514913, Unknown, Unknown,0.0
1515038, Unknown, Unknown,0.0
1515518, Unknown, Unknown,0.0
1516244, Unknown, Unknown,0.0
1514724, Unknown, Unknown,0.0
1514077, Unknown, Unknown,0.0
1520042, Unknown, Unknown,0.0
1514496, Unknown, Unknown,0.0
1514204, Unknown, Unknown,0.0
1513236, Unknown, Unknown,0.0
1513239, Unknown, 40 SW,0.0
1512453, Unknown, Unknown,0.0
1512376, Unknown, Unknown,0.0
1513174, Unknown, Unknown,0.0
1512988, Unknown, Unknown,0.0
1517370, Unknown, Unknown,0.0
1511650, Unknown, Unknown,0.0
1512127, Unknown, Unknown,0.0
1511206, Unknown, Unknown,0.0
1512015, Unknown, Unknown,0.0
1511471, Unknown, Unknown,0.0
1511288, Unknown, Unknown,0.0
1511185, Unknown, Unknown,0.0
1511463, Unknown, Unknown,0.0
1510627, Unknown, Unknown,0.0
1525330, Unknown, Handgun,0.0
1510011, Unknown, Unknown,0.0
1510336, Unknown, Unknown,0.0
1510131, Unknown, Unknown,0.0
1510578, Unknown, Unknown,0.0
1510433, Unknown, Unknown,0.0
1509865, Unknown, Unknown,0.0
1509418, Unknown, Unknown,0.0
1509510, Unknown, Unknown,0.0
1509661, Unknown, Unknown,0.0
1511175, Unknown, Unknown,0.0
1508895, Unknown, Unknown,0.0
1509302, Unknown, Unknown,0.0
1510172, Unknown, Unknown,0.0
1508546, Unknown, Unknown,0.0
1508859, Unknown, Unknown,0.0
1509548, Unknown, Unknown,0.0
1509011, Unknown, Unknown,0.0
1508982, Unknown, Unknown,0.0
1508830, Unknown, Unknown,0.0
1508903, Unknown, Unknown,0.0
1508818, Unknown, Unknown,0.0
1508815, Unknown, Unknown,0.0
1508163, Unknown, Unknown,0.0
1507736, Unknown, Unknown,0.0
1507725, Unknown, Unknown,0.0
1507497, Unknown, Unknown,0.0
1508124, Unknown, Unknown,0.0
1507822, Unknown, Unknown,0.0
1506828, Unknown, Handgun,0.0
1506823, Unknown, Unknown,0.0
1506280, Unknown, Handgun,0.0
1506419, Unknown, Unknown,0.0
1508784, Unknown, Unknown,0.0
1505397, Unknown, Unknown,0.0
1505354, Unknown, Handgun,0.0
1505840, Unknown, Unknown,0.0
1504828, Unknown, Unknown,0.0
1505360, Unknown, Unknown,0.0
1505270, Unknown, 40 SW,0.0
1505968, Unknown, Unknown,0.0
1504726, Unknown, Unknown,0.0
1504363, Unknown, Unknown,0.0
1504302, Unknown, Unknown,0.0
1504139, Unknown, Unknown,0.0
1504027, Unknown, Handgun,0.0
1505097, Unknown, Unknown,0.0
1505078, Unknown, Unknown,0.0
1506688, Unknown, Unknown,0.0
1504310, Unknown, Unknown,0.0
1503675, Unknown, Unknown,0.0
1504181, Unknown, Unknown,0.0
1504142, Unknown, Unknown,0.0
1503262, Unknown, Unknown,0.0
1503535, Unknown, Unknown,0.0
1502703, Unknown, Unknown,0.0
1502689, Unknown, Unknown,0.0
1502466, Unknown, Unknown,0.0
1502869, Unknown, Unknown,0.0
1502972, Unknown, Unknown,0.0
1503422, Unknown, Unknown,0.0
1501977, Unknown, Unknown,0.0
1501373, Unknown, Unknown,0.0
1501346, Unknown, Unknown,0.0
1502250, Unknown, 40 SW,0.0
1502487, Unknown, Unknown,0.0
1502161, Unknown, Unknown,0.0
1501320, Unknown, Unknown,0.0
1501350, Unknown, Unknown,0.0
1501338, Unknown, Unknown,0.0
1501170, Unknown, Unknown,0.0
1501064, Unknown, Unknown,0.0
1502268, Unknown, Unknown,0.0
1500735, Unknown, Unknown,0.0
1500641, Unknown, Unknown,0.0
1501284, Unknown, Unknown,0.0
1501248, Unknown, Unknown,0.0
1499524, Unknown, Unknown,0.0
1500006, Unknown, Unknown,0.0
1508469, Unknown, Unknown,0.0
1500115, Unknown, 22 LR,0.0
1500100, Unknown, Unknown,0.0
1499770, Unknown, Unknown,0.0
1499866, Unknown, Unknown,0.0
1499222, Unknown, Unknown,0.0
1499526, Unknown, Unknown,0.0
1499151, Unknown, Unknown,0.0
1499619, Unknown, Unknown,0.0
1502534, Unknown, Unknown,0.0
1499415, Unknown, Unknown,0.0
1500285, Unknown, Unknown,0.0
1500246, Unknown, Unknown,0.0
1499095, Unknown, Unknown,0.0
1499337, Unknown, Unknown,0.0
1499311, Unknown, Unknown,0.0
1499103, Unknown, Unknown,0.0
1499544, Unknown, Unknown,0.0
1498575, Unknown, Unknown,0.0
1498646, Unknown, Unknown,0.0
1498231, Unknown, Unknown,0.0
1498774, Unknown, Unknown,0.0
1498751, Unknown, Unknown,0.0
1499275, Unknown, Unknown,0.0
1498589, Unknown, Unknown,0.0
1498046, Unknown, Unknown,0.0
1497107, Unknown, Unknown,0.0
1497553, Unknown, Unknown,0.0
1497980, Unknown, Unknown,0.0
1497917, Unknown, Unknown,0.0
1497180, Unknown, Unknown,0.0
1496521, Unknown, Unknown,0.0
1496342, Unknown, Unknown,0.0
1496528, Unknown, Unknown,0.0
1496393, Unknown, Unknown,0.0
1495009, Unknown, Unknown,0.0
1494960, Unknown, Unknown,0.0
1494730, Unknown, Unknown,0.0
1494750, Unknown, 30-30 Win,0.0
1494523, Unknown, Handgun,0.0
1496063, Unknown, Unknown,0.0
1495247, Unknown, Unknown,0.0
1558156, Unknown, Unknown,0.0
1556829, Unknown, Unknown,0.0
1556855, Unknown, Shotgun,0.0
1556110, Unknown, Rifle,0.0
1556629, Unknown, Unknown,0.0
1555823, Unknown, Unknown,0.0
1555673, Unknown, Handgun,0.0
1554251, Unknown, Handgun,0.0
1553904, Unknown, Unknown,0.0
1553858, Unknown, Handgun,0.0
1553173, Unknown, Unknown,0.0
1552316, Unknown, Unknown,0.0
1551411, Unknown, Unknown,0.0
1551972, Unknown, Unknown,0.0
1553489, Unknown, Rifle,0.0
1551098, Unknown, 40 SW,0.0
1550315, Unknown, 9mm,0.0
1550449, Unknown, Unknown,0.0
1550200, Unknown, Unknown,0.0
1548518, Unknown, Unknown,0.0
1547956, Unknown, Unknown,0.0
1546480, Unknown, Handgun,0.0
1547323, Stolen, Unknown,0.0
1547735, Unknown, Unknown,0.0
1545423, Unknown, Unknown,0.0
1544990, Unknown, Unknown,0.0
1543208, Stolen, Unknown,0.0
1543478, Unknown, Unknown,0.0
1543427, Unknown, 223 Rem [AR-15],0.0
1542476, Unknown, Unknown,0.0
1541266, Unknown, Unknown,0.0
1540963, Unknown, 9mm,0.0
1541309, Not-stolen, Unknown,0.0
1540873, Unknown, Unknown,0.0
1539793, Unknown, Unknown,0.0
1539761, Unknown, Handgun,0.0
1539159, Unknown, Other,0.0
1538996, Unknown, Unknown,0.0
1539595, Unknown, Unknown,0.0
1536955, Unknown, Unknown,0.0
1535859, Unknown, Unknown,0.0
1535028, Unknown, Unknown,0.0
1535185, Unknown, Unknown,0.0
1535085, Stolen, Unknown,0.0
1533271, Unknown, Unknown,0.0
1533610, Unknown, Unknown,0.0
1535476, Unknown, Unknown,0.0
1532400, Unknown, Handgun,0.0
1531137, Unknown, Unknown,0.0
1531412, Unknown, Unknown,0.0
1531010, Unknown, Unknown,0.0
1531661, Unknown, Unknown,0.0
1530965, Unknown, Unknown,0.0
1531063, Unknown, Unknown,0.0
1542057, Unknown, Unknown,0.0
1528713, Unknown, 380 Auto,0.0
1526761, Unknown, Unknown,0.0
1526131, Stolen, Unknown,0.0
1526320, Unknown, Unknown,0.0
1523848, Unknown, Unknown,0.0
1522472, Unknown, Unknown,0.0
1522917, Unknown, Rifle,0.0
1523339, Unknown, Unknown,0.0
1521090, Unknown, Handgun,0.0
1520520, Unknown, Unknown,0.0
1527348, Not-stolen, 12 gauge,0.0
1520107, Unknown, Unknown,0.0
1521125, Unknown, Unknown,0.0
1519354, Unknown, Unknown,0.0
1518529, Unknown, Unknown,0.0
1517767, Unknown, Unknown,0.0
1517546, Unknown, Unknown,0.0
1517049, Unknown, Unknown,0.0
1515980, Stolen, Unknown,0.0
1515339, Unknown, Unknown,0.0
1514898, Unknown, Rifle,0.0
1515030, Unknown, Rifle,0.0
1516320, Unknown, Unknown,0.0
1514922, Unknown, Handgun,0.0
1512772, Unknown, Unknown,0.0
1511907, Unknown, Unknown,0.0
1511135, Unknown, Unknown,0.0
1509915, Unknown, Unknown,0.0
1509367, Unknown, Unknown,0.0
1508756, Unknown, Unknown,0.0
1506553, Unknown, Unknown,0.0
1504579, Unknown, 22 LR,0.0
1505334, Unknown, Unknown,0.0
1504619, Unknown, Unknown,0.0
1503927, Unknown, Handgun,0.0
1502475, Unknown, 40 SW,0.0
1502851, Unknown, Unknown,0.0
1501152, Unknown, Unknown,0.0
1501228, Unknown, Unknown,0.0
1500260, Unknown, Unknown,0.0
1499671, Unknown, Unknown,0.0
1499567, Unknown, Handgun,0.0
1499224, Unknown, Unknown,0.0
1501194, Unknown, Unknown,0.0
1494737, Unknown, Unknown,0.0
1494294, Unknown, Unknown,0.0
1494530, Unknown, Unknown,0.0
1495103, Unknown, Unknown,0.0
1494302, Unknown, Unknown,0.0
1498326, Unknown, Unknown,0.0
1491718, Unknown, Unknown,0.0
1490546, Unknown, Unknown,0.0
1488879, Unknown, Unknown,0.0
1488638, Unknown, Shotgun,0.0
1490607, Unknown, Unknown,0.0
1487550, Unknown, Unknown,0.0
1486568, Unknown, Unknown,0.0
1486893, Unknown, Unknown,0.0
1485322, Unknown, Unknown,0.0
1483899, Unknown, 9mm,0.0
1482238, Unknown, Unknown,0.0
1481936, Unknown, Unknown,0.0
1482469, Unknown, Unknown,0.0
1482423, Unknown, Unknown,0.0
1481968, Unknown, Unknown,0.0
1481415, Unknown, Unknown,0.0
1479992, Unknown, Unknown,0.0
1481097, Unknown, 9mm,0.0
1479182, Unknown, Unknown,0.0
1480024, Unknown, 223 Rem [AR-15],0.0
1485063, Unknown, Unknown,0.0
1477032, Unknown, Unknown,0.0
1476537, Unknown, Unknown,0.0
1475708, Unknown, Unknown,0.0
1473393, Stolen, Unknown,0.0
1474852, Unknown, Unknown,0.0
1473306, Unknown, Handgun,0.0
1470479, Unknown, Unknown,0.0
1465473, Unknown, Unknown,0.0
1465536, Unknown, 357 Mag,0.0
1466528, Unknown, Unknown,0.0
1464941, Unknown, Rifle,0.0
1462854, Unknown, Unknown,0.0
1462610, Unknown, 9mm,0.0
1461110, Unknown, Unknown,0.0
1462286, Unknown, Unknown,0.0
1459239, Unknown, Unknown,0.0
1460198, Unknown, Handgun,0.0
1457269, Unknown, Unknown,0.0
1457258, Unknown, Unknown,0.0
1456902, Unknown, Handgun,0.0
1457108, Unknown, Unknown,0.0
1455368, Unknown, Unknown,0.0
1453968, Unknown, Unknown,0.0
1453856, Unknown, Unknown,0.0
1453343, Unknown, Unknown,0.0
1455113, Unknown, Unknown,0.0
1453388, Unknown, Handgun,0.0
1453316, Unknown, Unknown,0.0
1455031, Unknown, Unknown,0.0
1453955, Unknown, Unknown,0.0
1450581, Unknown, Rifle,0.0
1449886, Unknown, Shotgun,0.0
1450859, Unknown, Unknown,0.0
1447821, Unknown, Handgun,0.0
1447491, Unknown, 9mm,0.0
1446409, Unknown, Handgun,0.0
1446499, Unknown, Unknown,0.0
1442733, Unknown, Unknown,0.0
1440596, Unknown, Handgun,0.0
1444493, Unknown, Unknown,0.0
1439323, Unknown, Handgun,0.0
1437995, Unknown, Unknown,0.0
1437834, Unknown, 223 Rem [AR-15],0.0
1437037, Unknown, Unknown,0.0
1434639, Unknown, Unknown,0.0
1436602, Unknown, Unknown,0.0
1437559, Unknown, Unknown,0.0
1433166, Unknown, Unknown,0.0
1430164, Unknown, Unknown,0.0
1431541, Unknown, Handgun,0.0
1429406, Unknown, Unknown,0.0
1428280, Unknown, Unknown,0.0
1427218, Unknown, Unknown,0.0
1427181, Unknown, Unknown,0.0
1426296, Unknown, Unknown,0.0
1429770, Unknown, Unknown,0.0
1424395, Unknown, Unknown,0.0
1423526, Unknown, Unknown,0.0
1424925, Unknown, Unknown,0.0
1421241, Stolen, Handgun,0.0
1419559, Unknown, Unknown,0.0
1419834, Unknown, Unknown,0.0
1419431, Unknown, Unknown,0.0
1418975, Unknown, Unknown,0.0
1418818, Unknown, Unknown,0.0
1418384, Not-stolen, Unknown,0.0
1417620, Unknown, Unknown,0.0
1416972, Unknown, Shotgun,0.0
1417080, Unknown, Unknown,0.0
1418578, Unknown, Unknown,0.0
1415323, Unknown, Unknown,0.0
1419903, Unknown, Unknown,0.0
1413663, Unknown, Unknown,0.0
1413510, Unknown, Unknown,0.0
1412302, Unknown, Handgun,0.0
1410916, Unknown, Unknown,0.0
1409965, Unknown, Unknown,0.0
1410011, Unknown, Unknown,0.0
1408146, Unknown, Unknown,0.0
1407338, Unknown, Unknown,0.0
1408646, Unknown, Unknown,0.0
1406147, Unknown, Unknown,0.0
1406974, Unknown, Unknown,0.0
1455974, Unknown, Unknown,0.0
1406563, Unknown, Unknown,0.0
1410272, Unknown, 9mm,0.0
1405954, Unknown, Unknown,0.0
1412206, Unknown, Unknown,0.0
1405012, Unknown, Unknown,0.0
1404771, Unknown, Handgun,0.0
1402529, Unknown, Unknown,0.0
1399436, Unknown, Unknown,0.0
1398159, Unknown, Unknown,0.0
1398153, Unknown, Unknown,0.0
1398927, Unknown, Unknown,0.0
1395723, Unknown, Unknown,0.0
1395374, Stolen, Unknown,0.0
1400050, Unknown, Unknown,0.0
1393281, Unknown, Unknown,0.0
1393162, Unknown, Unknown,0.0
1392942, Unknown, Unknown,0.0
1392351, Stolen, Handgun,0.0
1394434, Unknown, Unknown,0.0
1395097, Unknown, Handgun,0.0
1392677, Unknown, Unknown,0.0
1390919, Unknown, Unknown,0.0
1390793, Unknown, Unknown,0.0
1387642, Unknown, Unknown,0.0
1387168, Unknown, Unknown,0.0
1388834, Unknown, Unknown,0.0
1385486, Unknown, Unknown,0.0
1384330, Unknown, Unknown,0.0
1381613, Unknown, Shotgun,0.0
1377938, Unknown, Unknown,0.0
1376917, Unknown, Unknown,0.0
1377378, Unknown, Unknown,0.0
1372960, Unknown, Unknown,0.0
1370948, Unknown, Unknown,0.0
1372315, Unknown, 25 Auto,0.0
1370591, Unknown, Unknown,0.0
1370974, Unknown, 22 LR,0.0
1371988, Unknown, Unknown,0.0
1370249, Unknown, Handgun,0.0
1370287, Unknown, Unknown,0.0
1366615, Unknown, Handgun,0.0
1368008, Unknown, 9mm,0.0
1365495, Unknown, Unknown,0.0
1364591, Unknown, Unknown,0.0
1363434, Unknown, Unknown,0.0
1362942, Unknown, Handgun,0.0
1364291, Unknown, Unknown,0.0
1362434, Unknown, Unknown,0.0
1360750, Unknown, Unknown,0.0
1359562, Unknown, Unknown,0.0
1360810, Unknown, Unknown,0.0
1354947, Unknown, Unknown,0.0
1354713, Unknown, Unknown,0.0
1383237, Unknown, Handgun,0.0
1352829, Stolen, Unknown,0.0
1354026, Unknown, Unknown,0.0
1353439, Unknown, Unknown,0.0
1352207, Unknown, Unknown,0.0
1356292, Unknown, Unknown,0.0
1351519, Unknown, Handgun,0.0
1349563, Unknown, Unknown,0.0
1350746, Unknown, Unknown,0.0
1348185, Unknown, Unknown,0.0
1348026, Unknown, Handgun,0.0
1347878, Unknown, Unknown,0.0
1346113, Unknown, Unknown,0.0
1345043, Unknown, Unknown,0.0
1343682, Unknown, Unknown,0.0
1343015, Unknown, Unknown,0.0
1343223, Unknown, Unknown,0.0
1343205, Unknown, Unknown,0.0
1347871, Unknown, Unknown,0.0
1342924, Unknown, 22 LR,0.0
1341626, Unknown, Unknown,0.0
1340335, Unknown, Handgun,0.0
1340440, Unknown, Unknown,0.0
1334155, Unknown, Unknown,0.0
1333774, Unknown, Unknown,0.0
1331403, Unknown, Unknown,0.0
1331529, Unknown, Unknown,0.0
1329984, Unknown, Unknown,0.0
1329406, Unknown, Unknown,0.0
1326968, Unknown, Unknown,0.0
1323697, Unknown, Unknown,0.0
1323311, Unknown, Unknown,0.0
1323453, Unknown, Unknown,0.0
1322043, Unknown, Unknown,0.0
1320271, Unknown, Unknown,0.0
1321354, Unknown, Unknown,0.0
1320361, Unknown, Unknown,0.0
1318461, Unknown, 22 LR,0.0
1318649, Unknown, 25 Auto,0.0
1322220, Unknown, Unknown,0.0
1314249, Unknown, Unknown,0.0
1313441, Unknown, Rifle,0.0
1309738, Unknown, 357 Mag,0.0
1308070, Unknown, Unknown,0.0
1308482, Unknown, Unknown,0.0
1307368, Unknown, 410 gauge,0.0
1306428, Unknown, Unknown,0.0
1308718, Unknown, Unknown,0.0
1306395, Unknown, Unknown,0.0
1306941, Unknown, Unknown,0.0
1305643, Unknown, Unknown,0.0
1306011, Unknown, Unknown,0.0
1304982, Unknown, Unknown,0.0
1304673, Unknown, Unknown,0.0
1305283, Unknown, Handgun,0.0
1303798, Unknown, Unknown,0.0
1314478, Unknown, 9mm,0.0
1305697, Unknown, Unknown,0.0
1305254, Unknown, Unknown,0.0
1302992, Unknown, Unknown,0.0
1300600, Unknown, Unknown,0.0
1301688, Unknown, Unknown,0.0
1299668, Unknown, Unknown,0.0
1297524, Unknown, Handgun,0.0
1296573, Unknown, Unknown,0.0
1295963, Unknown, Unknown,0.0
1295161, Unknown, Rifle,0.0
1356860, Unknown, Unknown,0.0
1293992, Unknown, Rifle,0.0
1291882, Unknown, Handgun,0.0
1292019, Unknown, Unknown,0.0
1289551, Not-stolen, Handgun,0.0
1289802, Unknown, Unknown,0.0
1289271, Stolen, Unknown,0.0
1289265, Unknown, Unknown,0.0
1288497, Stolen, Handgun,0.0
1299646, Unknown, Unknown,0.0
1286304, Unknown, Unknown,0.0
1286417, Unknown, 9mm,0.0
1284928, Unknown, Handgun,0.0
1283079, Unknown, Unknown,0.0
1282886, Unknown, Unknown,0.0
1282603, Unknown, Unknown,0.0
1294928, Unknown, Unknown,0.0
1287865, Unknown, 308 Win,0.0
1281105, Unknown, Handgun,0.0
1281382, Unknown, Unknown,0.0
1280326, Unknown, Unknown,0.0
1283283, Unknown, Handgun,0.0
1278429, Stolen, 38 Spl,0.0
1280781, Unknown, 45 Auto,0.0
1278409, Unknown, Unknown,0.0
1278778, Unknown, 9mm,0.0
1277231, Unknown, Unknown,0.0
1277643, Unknown, Unknown,0.0
1277170, Unknown, 22 LR,0.0
1277695, Unknown, Unknown,0.0
1275012, Unknown, Unknown,0.0
1274111, Unknown, Unknown,0.0
1273730, Unknown, Handgun,0.0
1273747, Unknown, Shotgun,0.0
1273720, Unknown, Unknown,0.0
1274244, Unknown, Unknown,0.0
1275310, Unknown, Unknown,0.0
1273048, Unknown, Unknown,0.0
1272272, Stolen, Unknown,0.0
1275429, Unknown, Unknown,0.0
1271590, Unknown, 22 LR,0.0
1269978, Unknown, Unknown,0.0
1271151, Unknown, Unknown,0.0
1269471, Unknown, Unknown,0.0
1333192, Unknown, Unknown,0.0
1274252, Unknown, Unknown,0.0
1267974, Unknown, Handgun,0.0
1266905, Unknown, Unknown,0.0
1267534, Unknown, Unknown,0.0
1266173, Unknown, Unknown,0.0
1265736, Unknown, 38 Spl,0.0
1263209, Unknown, Rifle,0.0
1264802, Unknown, Unknown,0.0
1262836, Unknown, Unknown,0.0
1262235, Unknown, Handgun,0.0
1260953, Unknown, Unknown,0.0
1261110, Unknown, Unknown,0.0
1260484, Unknown, 223 Rem [AR-15],0.0
1261090, Unknown, Unknown,0.0
1258777, Unknown, Unknown,0.0
1257873, Unknown, Unknown,0.0
1258320, Unknown, Unknown,0.0
1259582, Unknown, Other,0.0
1259687, Unknown, Unknown,0.0
1257514, Unknown, Rifle,0.0
1256271, Unknown, Handgun,0.0
1256752, Unknown, Unknown,0.0
1256731, Unknown, 9mm,0.0
1255632, Unknown, Unknown,0.0
1256230, Unknown, Unknown,0.0
1255061, Unknown, Unknown,0.0
1254561, Unknown, Unknown,0.0
1253548, Unknown, 308 Win,0.0
1308385, Unknown, Unknown,0.0
1253111, Unknown, Unknown,0.0
1252415, Unknown, Unknown,0.0
1253765, Unknown, Unknown,0.0
1253410, Unknown, Unknown,0.0
1253708, Unknown, Unknown,0.0
1252355, Unknown, Unknown,0.0
1253016, Unknown, Rifle,0.0
1252919, Unknown, Unknown,0.0
1252211, Unknown, 9mm,0.0
1251637, Unknown, Handgun,0.0
1248514, Unknown, Unknown,0.0
1248553, Unknown, Unknown,0.0
1255784, Unknown, 44 Mag,0.0
1247546, Unknown, Handgun,0.0
1247630, Unknown, Unknown,0.0
1247542, Unknown, Handgun,0.0
1255624, Unknown, Unknown,0.0
1248178, Unknown, Unknown,0.0
1245218, Unknown, 357 Mag,0.0
1245110, Unknown, 45 Auto,0.0
1245028, Unknown, 308 Win,0.0
1243719, Unknown, Unknown,0.0
1240934, Unknown, Unknown,0.0
1240563, Unknown, Unknown,0.0
1245249, Unknown, Unknown,0.0
1238134, Unknown, Unknown,0.0
1238289, Unknown, Rifle,0.0
1238638, Unknown, Unknown,0.0
1238006, Unknown, Unknown,0.0
1236881, Unknown, Unknown,0.0
1235835, Unknown, Unknown,0.0
1235182, Unknown, Unknown,0.0
1235301, Unknown, Unknown,0.0
1236272, Unknown, Unknown,0.0
1229736, Unknown, Unknown,0.0
1228092, Unknown, 22 LR,0.0
1228741, Unknown, Unknown,0.0
1227604, Unknown, Unknown,0.0
1236855, Unknown, Unknown,0.0
1227183, Unknown, Handgun,0.0
1227401, Unknown, Handgun,0.0
1228329, Unknown, Unknown,0.0
1227383, Unknown, Unknown,0.0
1226148, Unknown, Unknown,0.0
1225259, Unknown, 9mm,0.0
1223968, Unknown, Unknown,0.0
1557908, Unknown, Unknown,0.0
1556936, Unknown, Unknown,0.0
1557895, Unknown, Unknown,0.0
1556898, Unknown, Unknown,0.0
1556751, Unknown, Unknown,0.0
1557256, Unknown, Unknown,0.0
1556994, Unknown, 45 Auto,0.0
1558064, Unknown, Shotgun,0.0
1556946, Unknown, Unknown,0.0
1556943, Unknown, Unknown,0.0
1556939, Unknown, Unknown,0.0
1556318, Unknown, Unknown,0.0
1557776, Unknown, Handgun,0.0
1556886, Unknown, 40 SW,0.0
1556456, Unknown, Unknown,0.0
1555294, Unknown, Unknown,0.0
1555273, Unknown, Unknown,0.0
1556302, Unknown, Unknown,0.0
1555786, Unknown, Unknown,0.0
1555003, Unknown, Unknown,0.0
1554896, Unknown, 9mm,0.0
1554026, Unknown, Unknown,0.0
1554474, Unknown, Unknown,0.0
1554287, Unknown, Unknown,0.0
1554188, Unknown, Unknown,0.0
1553692, Unknown, Unknown,0.0
1553105, Unknown, Unknown,0.0
1555624, Unknown, Unknown,0.0
1553704, Unknown, Unknown,0.0
1552815, Unknown, Unknown,0.0
1552021, Unknown, Unknown,0.0
1551921, Unknown, Unknown,0.0
1550986, Unknown, 44 Mag,0.0
1551772, Unknown, Unknown,0.0
1550932, Unknown, Unknown,0.0
1551302, Unknown, Unknown,0.0
1551193, Unknown, Unknown,0.0
1551449, Unknown, Unknown,0.0
1551879, Unknown, Unknown,0.0
1550420, Unknown, Unknown,0.0
1550826, Unknown, Rifle,0.0
1550742, Unknown, Shotgun,0.0
1550499, Unknown, Unknown,0.0
1550312, Unknown, Unknown,0.0
1550035, Unknown, Unknown,0.0
1548839, Unknown, Unknown,0.0
1549478, Unknown, Unknown,0.0
1549421, Unknown, Shotgun,0.0
1549242, Unknown, Unknown,0.0
1548953, Unknown, Unknown,0.0
1547198, Unknown, Unknown,0.0
1547789, Unknown, Unknown,0.0
1546923, Unknown, Unknown,0.0
1553971, Unknown, Unknown,0.0
1547117, Unknown, Unknown,0.0
1547094, Not-stolen, Handgun,0.0
1546051, Unknown, Unknown,0.0
1546044, Unknown, Unknown,0.0
1545663, Unknown, Unknown,0.0
1545613, Unknown, Unknown,0.0
1547668, Unknown, Unknown,0.0
1545621, Unknown, Unknown,0.0
1547793, Stolen, Handgun,0.0
1546257, Unknown, Handgun,0.0
1545693, Unknown, Unknown,0.0
1544824, Unknown, Unknown,0.0
1545769, Unknown, Unknown,0.0
1548609, Unknown, 12 gauge,0.0
1545344, Unknown, Unknown,0.0
1543955, Unknown, Unknown,0.0
1542930, Unknown, Unknown,0.0
1542989, Unknown, Handgun,0.0
1543849, Unknown, 9mm,0.0
1543420, Unknown, Unknown,0.0
1543145, Unknown, Unknown,0.0
1546745, Unknown, Unknown,0.0
1542105, Unknown, Unknown,0.0
1543439, Unknown, Unknown,0.0
1541703, Not-stolen, 380 Auto,0.0
1541070, Unknown, Unknown,0.0
1541044, Unknown, Unknown,0.0
1543217, Unknown, Unknown,0.0
1541020, Unknown, Handgun,0.0
1542366, Unknown, Handgun,0.0
1540783, Unknown, Unknown,0.0
1541084, Unknown, Unknown,0.0
1541956, Unknown, Unknown,0.0
1539930, Not-stolen, Unknown,0.0
1541353, Unknown, Unknown,0.0
1552483, Unknown, Handgun,0.0
1540100, Unknown, Rifle,0.0
1539616, Unknown, Unknown,0.0
1539036, Unknown, Unknown,0.0
1539303, Unknown, Unknown,0.0
1542600, Unknown, Handgun,0.0
1539599, Unknown, Rifle,0.0
1538507, Unknown, Unknown,0.0
1539044, Not-stolen, Unknown,0.0
1539597, Unknown, Handgun,0.0
1538894, Unknown, 9mm,0.0
1538844, Unknown, Unknown,0.0
1538486, Unknown, Unknown,0.0
1537077, Unknown, Unknown,0.0
1537545, Unknown, Rifle,0.0
1537210, Unknown, Handgun,0.0
1537956, Unknown, Unknown,0.0
1536730, Unknown, Unknown,0.0
1537409, Unknown, 40 SW,0.0
1536509, Unknown, Unknown,0.0
1536162, Stolen, 9mm,0.0
1535287, Unknown, Unknown,0.0
1535141, Unknown, Unknown,0.0
1534542, Unknown, Unknown,0.0
1534539, Unknown, Unknown,0.0
1534790, Unknown, Unknown,0.0
1533833, Unknown, Handgun,0.0
1533818, Unknown, Unknown,0.0
1533783, Unknown, Unknown,0.0
1533249, Unknown, Unknown,0.0
1540338, Unknown, Other,0.0
1533246, Unknown, Unknown,0.0
1543976, Unknown, 9mm,0.0
1532410, Unknown, Unknown,0.0
1531815, Unknown, Unknown,0.0
1531818, Unknown, Unknown,0.0
1531711, Unknown, Unknown,0.0
1532137, Unknown, Unknown,0.0
1531015, Unknown, Unknown,0.0
1531397, Unknown, 45 Auto,0.0
1537873, Unknown, Unknown,0.0
1531890, Unknown, Handgun,0.0
1533566, Unknown, 28 gauge,0.0
1531663, Unknown, 9mm,0.0
1530391, Unknown, Unknown,0.0
1533563, Unknown, 12 gauge,0.0
1530037, Unknown, Unknown,0.0
1530444, Unknown, Unknown,0.0
1528765, Unknown, Unknown,0.0
1529370, Unknown, Handgun,0.0
1529037, Unknown, Unknown,0.0
1528668, Unknown, Unknown,0.0
1528072, Unknown, Unknown,0.0
1527698, Unknown, Unknown,0.0
1528236, Unknown, Unknown,0.0
1527029, Unknown, Unknown,0.0
1526663, Unknown, Unknown,0.0
1527115, Unknown, Unknown,0.0
1526887, Not-stolen, Handgun,0.0
1527623, Unknown, 40 SW,0.0
1525293, Unknown, Unknown,0.0
1527399, Unknown, Unknown,0.0
1526597, Unknown, Unknown,0.0
1525852, Unknown, Unknown,0.0
1525710, Unknown, Unknown,0.0
1527350, Unknown, Other,0.0
1532667, Unknown, 22 LR,0.0
1525136, Stolen, Handgun,0.0
1525611, Unknown, Unknown,0.0
1524967, Unknown, Unknown,0.0
1523739, Unknown, Unknown,0.0
1525032, Unknown, 9mm,0.0
1525008, Unknown, Unknown,0.0
1523799, Stolen, Handgun,0.0
1524233, Unknown, Unknown,0.0
1522915, Unknown, Unknown,0.0
1523889, Unknown, Unknown,0.0
1522577, Unknown, 9mm,0.0
1521981, Unknown, Unknown,0.0
1522427, Unknown, Unknown,0.0
1521272, Unknown, Unknown,0.0
1522287, Unknown, Unknown,0.0
1521062, Unknown, Unknown,0.0
1520708, Unknown, Unknown,0.0
1521210, Unknown, Unknown,0.0
1520435, Unknown, Unknown,0.0
1520448, Unknown, Unknown,0.0
1544923, Unknown, Unknown,0.0
1519748, Unknown, Unknown,0.0
1520255, Unknown, Unknown,0.0
1519598, Unknown, Unknown,0.0
1519853, Not-stolen, Handgun,0.0
1519318, Unknown, Unknown,0.0
1521740, Unknown, Handgun,0.0
1519704, Unknown, Unknown,0.0
1518523, Unknown, Unknown,0.0
1519593, Unknown, Unknown,0.0
1519108, Unknown, Unknown,0.0
1518691, Unknown, Unknown,0.0
1518371, Unknown, 223 Rem [AR-15],0.0
1520945, Unknown, Unknown,0.0
1519728, Unknown, 22 LR,0.0
1518214, Unknown, Unknown,0.0
1518901, Unknown, Unknown,0.0
1517953, Unknown, Unknown,0.0
1518231, Unknown, Unknown,0.0
1517838, Not-stolen, Unknown,0.0
1517829, Unknown, Unknown,0.0
1518793, Unknown, Unknown,0.0
1517474, Unknown, Unknown,0.0
1516096, Unknown, Unknown,0.0
1515762, Unknown, Unknown,0.0
1517119, Unknown, Unknown,0.0
1514977, Unknown, Unknown,0.0
1515840, Unknown, Unknown,0.0
1515332, Unknown, Unknown,0.0
1517329, Unknown, 38 Spl,0.0
1516010, Unknown, Unknown,0.0
1517121, Unknown, Unknown,0.0
1514853, Unknown, Unknown,0.0
1515149, Unknown, Unknown,0.0
1516318, Unknown, Handgun,0.0
1514183, Unknown, Unknown,0.0
1514882, Unknown, Unknown,0.0
1514447, Unknown, Unknown,0.0
1514250, Unknown, Unknown,0.0
1516063, Unknown, Unknown,0.0
1513922, Unknown, Unknown,0.0
1513593, Unknown, Handgun,0.0
1518491, Unknown, Unknown,0.0
1513731, Not-stolen, Handgun,0.0
1511861, Unknown, Unknown,0.0
1523142, Unknown, Unknown,0.0
1512670, Unknown, Unknown,0.0
1510614, Unknown, Unknown,0.0
1512046, Unknown, Unknown,0.0
1510020, Unknown, Unknown,0.0
1510857, Unknown, Unknown,0.0
1509882, Unknown, 9mm,0.0
1510131, Unknown, Unknown,0.0
1510016, Unknown, Unknown,0.0
1510433, Unknown, Unknown,0.0
1511211, Unknown, Unknown,0.0
1510990, Unknown, Unknown,0.0
1508328, Unknown, Unknown,0.0
1508681, Unknown, Unknown,0.0
1510123, Unknown, Unknown,0.0
1508982, Unknown, Unknown,0.0
1508966, Unknown, Unknown,0.0
1509214, Unknown, Unknown,0.0
1511221, Unknown, Unknown,0.0
1508171, Unknown, Unknown,0.0
1509396, Unknown, Unknown,0.0
1507518, Unknown, Unknown,0.0
1508103, Unknown, Unknown,0.0
1506430, Unknown, Unknown,0.0
1507018, Unknown, 45 Auto,0.0
1505397, Unknown, Unknown,0.0
1504831, Unknown, Unknown,0.0
1504828, Unknown, Unknown,0.0
1505191, Unknown, Unknown,0.0
1505420, Unknown, Unknown,0.0
1505270, Unknown, 40 SW,0.0
1504579, Unknown, 22 LR,0.0
1504881, Unknown, Unknown,0.0
1504420, Unknown, Unknown,0.0
1504589, Stolen, 9mm,0.0
1506323, Unknown, Shotgun,0.0
1504267, Unknown, Unknown,0.0
1503403, Unknown, Unknown,0.0
1503313, Unknown, Shotgun,0.0
1504023, Unknown, Unknown,0.0
1504020, Unknown, Unknown,0.0
1503526, Unknown, Unknown,0.0
1502903, Unknown, Unknown,0.0
1501433, Unknown, Unknown,0.0
1502387, Unknown, Unknown,0.0
1502126, Unknown, Unknown,0.0
1501128, Unknown, Unknown,0.0
1505171, Unknown, Handgun,0.0
1501152, Unknown, Unknown,0.0
1501150, Unknown, Unknown,0.0
1501256, Unknown, Unknown,0.0
1500341, Unknown, Unknown,0.0
1500180, Stolen, 40 SW,0.0
1500553, Unknown, Shotgun,0.0
1500602, Unknown, Unknown,0.0
1499662, Unknown, Unknown,0.0
1500376, Unknown, Unknown,0.0
1499631, Unknown, Unknown,0.0
1499610, Unknown, Unknown,0.0
1499393, Unknown, Unknown,0.0
1499482, Unknown, 12 gauge,0.0
1500042, Unknown, Unknown,0.0
1500044, Unknown, Unknown,0.0
1499526, Unknown, Unknown,0.0
1499151, Unknown, Unknown,0.0
1499619, Unknown, Unknown,0.0
1499791, Unknown, Unknown,0.0
1499782, Unknown, 9mm,0.0
1499293, Unknown, Unknown,0.0
1499261, Unknown, Handgun,0.0
1499192, Unknown, Unknown,0.0
1498633, Unknown, Unknown,0.0
1498843, Unknown, Unknown,0.0
1500934, Unknown, Handgun,0.0
1498260, Unknown, Unknown,0.0
1498901, Unknown, Unknown,0.0
1498874, Unknown, 12 gauge,0.0
1499037, Unknown, Unknown,0.0
1498407, Stolen, Unknown,0.0
1501593, Unknown, Unknown,0.0
1497107, Unknown, Unknown,0.0
1497906, Unknown, Unknown,0.0
1497760, Unknown, Handgun,0.0
1498116, Unknown, Unknown,0.0
1498917, Unknown, Unknown,0.0
1497282, Unknown, Unknown,0.0
1495009, Unknown, Unknown,0.0
1494710, Unknown, Unknown,0.0
1494614, Unknown, Unknown,0.0
1494595, Unknown, Unknown,0.0
1494523, Unknown, Handgun,0.0
1498823, Unknown, Unknown,0.0
1496956, Unknown, 9mm,0.0
1494052, Unknown, Unknown,0.0
1496740, Unknown, Unknown,0.0
1493487, Unknown, Unknown,0.0
1511492, Unknown, 12 gauge,0.0
1493351, Unknown, Unknown,0.0
1494378, Unknown, Unknown,0.0
1494109, Unknown, Unknown,0.0
1497859, Unknown, Unknown,0.0
1493515, Unknown, Unknown,0.0
1493423, Unknown, Unknown,0.0
1492886, Unknown, Unknown,0.0
1513323, Unknown, Unknown,0.0
1491862, Unknown, Unknown,0.0
1491778, Unknown, Unknown,0.0
1494492, Unknown, Unknown,0.0
1491963, Unknown, Unknown,0.0
1495433, Unknown, Unknown,0.0
1494163, Unknown, Unknown,0.0
1497194, Unknown, Unknown,0.0
1491733, Unknown, Unknown,0.0
1491660, Unknown, Unknown,0.0
1493993, Unknown, Unknown,0.0
1491442, Unknown, Unknown,0.0
1490279, Unknown, Unknown,0.0
1490218, Unknown, Shotgun,0.0
1490593, Unknown, Unknown,0.0
1489032, Unknown, Handgun,0.0
1490085, Unknown, Rifle,0.0
1497258, Unknown, Unknown,0.0
1488065, Unknown, Unknown,0.0
1490520, Unknown, Unknown,0.0
1489027, Unknown, Unknown,0.0
1488715, Unknown, Unknown,0.0
1513624, Stolen, Unknown,0.0
1488696, Unknown, Unknown,0.0
1487613, Unknown, Unknown,0.0
1487491, Unknown, Unknown,0.0
1486099, Unknown, Unknown,0.0
1485849, Unknown, Unknown,0.0
1502988, Unknown, Unknown,0.0
1485602, Unknown, Unknown,0.0
1485202, Unknown, Unknown,0.0
1485281, Unknown, Handgun,0.0
1484118, Unknown, Unknown,0.0
1484521, Unknown, Unknown,0.0
1484335, Unknown, Unknown,0.0
1486282, Unknown, Unknown,0.0
1484443, Unknown, Unknown,0.0
1485463, Unknown, Unknown,0.0
1483511, Unknown, Unknown,0.0
1483883, Unknown, Unknown,0.0
1483150, Unknown, Unknown,0.0
1482265, Unknown, Unknown,0.0
1483028, Unknown, Unknown,0.0
1483729, Unknown, Unknown,0.0
1482391, Unknown, Unknown,0.0
1481675, Unknown, Unknown,0.0
1482179, Unknown, Unknown,0.0
1482677, Unknown, Unknown,0.0
1482040, Unknown, Unknown,0.0
1481873, Unknown, Unknown,0.0
1483274, Unknown, Unknown,0.0
1481537, Unknown, Unknown,0.0
1485186, Unknown, Unknown,0.0
1483872, Unknown, Unknown,0.0
1480396, Unknown, 9mm,0.0
1480988, Unknown, Unknown,0.0
1480465, Unknown, Handgun,0.0
1479367, Unknown, Unknown,0.0
1484524, Unknown, Unknown,0.0
1480986, Unknown, Unknown,0.0
1478029, Unknown, Handgun,0.0
1480467, Unknown, Unknown,0.0
1480242, Unknown, Unknown,0.0
1476853, Unknown, Unknown,0.0
1478135, Unknown, Unknown,0.0
1477134, Unknown, Unknown,0.0
1477937, Unknown, Unknown,0.0
1476940, Unknown, Unknown,0.0
1476903, Unknown, Unknown,0.0
1476622, Unknown, Unknown,0.0
1476252, Unknown, Unknown,0.0
1476116, Unknown, Unknown,0.0
1476033, Unknown, Unknown,0.0
1476469, Unknown, Handgun,0.0
1479063, Unknown, Unknown,0.0
1475879, Unknown, Unknown,0.0
1487435, Unknown, Unknown,0.0
1475801, Unknown, Unknown,0.0
1475019, Unknown, Unknown,0.0
1474825, Unknown, Unknown,0.0
1473920, Unknown, Unknown,0.0
1474066, Unknown, Unknown,0.0
1473327, Unknown, Unknown,0.0
1473408, Unknown, 9mm,0.0
1473342, Unknown, Unknown,0.0
1474238, Unknown, 40 SW,0.0
1472381, Unknown, Unknown,0.0
1471310, Unknown, Unknown,0.0
1469693, Unknown, Unknown,0.0
1474063, Unknown, Rifle,0.0
1468561, Unknown, Unknown,0.0
1468996, Unknown, Unknown,0.0
1467479, Unknown, Unknown,0.0
1481762, Unknown, Unknown,0.0
1468540, Unknown, Unknown,0.0
1467205, Unknown, Unknown,0.0
1467190, Unknown, Handgun,0.0
1466676, Unknown, Unknown,0.0
1465660, Unknown, Unknown,0.0
1466641, Unknown, Unknown,0.0
1466619, Unknown, Unknown,0.0
1465943, Unknown, Unknown,0.0
1465500, Unknown, Unknown,0.0
1466122, Unknown, Unknown,0.0
1464984, Unknown, Unknown,0.0
1491636, Unknown, 40 SW,0.0
1465594, Unknown, Unknown,0.0
1466098, Unknown, Handgun,0.0
1464944, Unknown, Unknown,0.0
1465168, Unknown, Handgun,0.0
1462826, Unknown, Unknown,0.0
1462753, Unknown, Unknown,0.0
1463868, Stolen, Unknown,0.0
1464354, Unknown, Unknown,0.0
1463636, Unknown, Unknown,0.0
1462917, Unknown, 45 Auto,0.0
1463429, Unknown, 40 SW,0.0
1464698, Unknown, Unknown,0.0
1461021, Unknown, Unknown,0.0
1461822, Unknown, Unknown,0.0
1463089, Unknown, 38 Spl,0.0
1460288, Unknown, Unknown,0.0
1497805, Unknown, Handgun,0.0
1462736, Unknown, Unknown,0.0
1463966, Unknown, Unknown,0.0
635289, Stolen, Handgun,0.0
633604, Unknown, Unknown,0.0
631856, Unknown, Handgun,0.0
629549, Unknown, Unknown,0.0
629915, Unknown, Unknown,0.0
628317, Unknown, Unknown,0.0
627670, Unknown, Unknown,0.0
627282, Stolen, Unknown,0.0
625854, Unknown, Rifle,0.0
625772, Unknown, Unknown,0.0
625582, Unknown, Handgun,0.0
624551, Unknown, Rifle,0.0
625648, Unknown, Unknown,0.0
623271, Unknown, Rifle,0.0
619570, Unknown, Unknown,0.0
618396, Unknown, Unknown,0.0
616799, Unknown, Unknown,0.0
617512, Unknown, 38 Spl,0.0
616102, Unknown, Handgun,0.0
612579, Unknown, Handgun,0.0
613263, Unknown, Unknown,0.0
610335, Unknown, Handgun,0.0
609280, Unknown, Unknown,0.0
604967, Unknown, Unknown,0.0
604762, Unknown, Rifle,0.0
604904, Unknown, Unknown,0.0
603318, Unknown, Unknown,0.0
602765, Unknown, Unknown,0.0
600398, Unknown, 357 Mag,0.0
599708, Unknown, Unknown,0.0
598940, Unknown, Unknown,0.0
598136, Unknown, Handgun,0.0
598192, Unknown, Unknown,0.0
597756, Unknown, 9mm,0.0
598115, Unknown, Unknown,0.0
597176, Unknown, Rifle,0.0
